transaction_id,sender,receiver,amount,payment_type,status,timestamp,is_fraud
TXN0720,Daniel Johnson,Alexander Davis,3461.59,batch,completed,2026-07-08 09:28:54.598470,0
GHT0003,Tammy Parker,Kyle Lucas,0.41,real-time,completed,2026-07-02 05:24:00.000000,1
TXN0411,Emily Holloway PhD,Joshua Rodriguez,2006.77,batch,completed,2026-07-05 15:47:02.075950,0
TXN0503,Alex Griffin,Patricia Gonzalez,3637.1,batch,pending,2026-07-05 22:25:32.277372,0
TXN0508,Cameron Ellis,Luis Hendricks,3293.96,batch,completed,2026-07-27 03:20:10.279668,0
TXN0818,Elizabeth Lopez,Jordan Norris,2198.62,real-time,completed,2026-07-13 20:50:32.201158,0
TXN0820,Jose White,Ryan Thornton,3192.67,batch,completed,2026-07-16 16:31:00.952978,0
TXN0796,Brian Henderson,Ashley Cooke,2886.45,batch,completed,2026-07-09 09:50:12.477887,0
TXN0496,Andrew Morales,Jason Camacho,1507.24,batch,completed,2026-07-27 04:36:43.075065,0
TXN0977,Hunter Lucas,Tammy Odom,4186.95,batch,completed,2026-07-15 04:19:32.409045,0
TXN0995,Rachel Downs,Gregory Barrera,2308.12,real-time,completed,2026-07-25 22:21:58.801449,0
MIS0009,Christopher Wise,Regina Brown,4444.41,batch,completed,2026-07-05 23:40:00.000000,1
TXN0850,Hayden Morris,Daniel Ryan,4261.08,real-time,completed,2026-07-17 15:51:09.186952,0
SWT0001,Destiny Lee,Amanda Kennedy,8118.84,real-time,completed,2026-07-08 21:11:27.732634,1
TXN0885,Brittany Cox,David Woodard,2620.92,batch,completed,2026-07-30 03:52:00.271393,0
TXN0234,Paul Koch,Jerome Robinson,1497.17,batch,completed,2026-07-30 02:30:37.699533,0
STR0001,Tyrone Wilson,Alexander Robinson,945.76,real-time,completed,2026-07-15 14:01:00.000000,1
TXN0705,James Williams,Tamara White,1006.35,batch,completed,2026-07-16 14:03:33.124539,0
TXN0533,David Rosales,Thomas Davis,597.57,real-time,completed,2026-07-04 12:51:57.198940,0
TXN0377,Tina Mckay,Kristina Carter,4102.66,batch,failed,2026-07-26 04:41:47.958501,0
VEL0020,Randy Mann,Alex Adams,1173.06,real-time,completed,2026-07-20 03:38:00.000000,1
TXN0577,Jeffrey Sanders DDS,Andrea Flores,970.74,real-time,completed,2026-07-25 03:51:32.878655,0
TXN0783,Christopher Murray,Joseph Brown,2916.31,real-time,completed,2026-07-21 14:19:02.962892,0
TXN0391,Luis Parker,Anthony Herrera,5654.93,batch,completed,2026-07-17 13:59:08.375419,0
TXN0565,Dr. Karen Smith,Randy Hamilton,2538.69,batch,completed,2026-07-25 18:53:48.255514,0
TXN0910,Emily Ritter,Michael Oconnor,3933.88,batch,completed,2026-07-26 21:59:58.038667,0
TXN0275,Melissa Phillips,Douglas Montgomery,1673.15,real-time,completed,2026-07-04 06:01:39.169048,0
TXN0926,Robert Vincent DDS,Diana Houston,5031.89,real-time,completed,2026-07-12 23:26:12.764915,0
TXN0510,Stephanie White,Jonathan Nguyen,1306.03,real-time,completed,2026-07-22 13:13:38.239168,0
TXN0408,Jennifer Harper,Amber Mcclure,1.85,batch,completed,2026-07-18 01:17:51.906391,0
TXN0197,Hannah Burns,Kathryn Martin,1033.24,batch,pending,2026-07-15 06:07:12.336929,0
SWT0003,Cassandra Carlson,Sharon King,4917.405,real-time,failed,2026-07-10 03:46:40.363979,1
TXN0245,Ryan Morrison,Christopher Hamilton,2495.8,batch,completed,2026-07-21 09:02:05.206587,0
TXN0179,John Bell,Amanda Garrett,7375.24,batch,completed,2026-07-18 01:48:42.049016,0
TXN0773,Tyler Davis,Mark Flores,2490.64,batch,completed,2026-07-05 02:20:46.659956,0
TXN0760,Cynthia Flores,Brenda Henderson,2211.07,real-time,completed,2026-07-22 20:35:11.858098,0
TXN0942,Deborah Bender,Maria Daniel,3553.14,real-time,completed,2026-07-01 06:05:37.954035,0
TXN0851,Kimberly Roberts,William Ferguson,1893.85,real-time,completed,2026-07-12 13:22:38.239962,0
STR0010,Tyrone Wilson,Alexander Robinson,979.7,real-time,completed,2026-07-15 14:10:00.000000,1
TXN0810,Teresa Walker,Andrea Mills,4184.13,batch,completed,2026-07-15 07:36:00.575735,0
TXN0735,Sarah Hodges,Taylor Rojas,2668.84,batch,completed,2026-07-28 10:32:10.629207,0
TXN0182,Ross Bruce,Heather Sutton,4585.76,batch,completed,2026-07-10 09:42:52.747568,0
TXN0882,Debra Kramer,Chase Reid,3106.32,batch,completed,2026-07-03 15:43:56.135176,0
TXN0727,Amanda Hill,Ashley Mcgee,1383.31,batch,completed,2026-07-14 10:51:33.725206,0
TXN0668,Lauren Jones,Cindy Gonzalez,5579.43,real-time,completed,2026-07-12 15:35:04.541107,0
TXN0176,Nicholas Thompson,David Cole,1407.45,batch,completed,2026-07-20 13:43:39.293509,0
TXN0827,Derek Anderson,David Gutierrez,3471.06,real-time,completed,2026-07-13 01:18:47.404212,0
TXN0534,Daniel Johnson DVM,David Flores,3957.84,real-time,completed,2026-07-08 17:11:14.683376,0
TXN0834,Jacob Taylor,Latoya James,4347.94,batch,completed,2026-07-01 11:00:24.899108,0
DUP0002,Yolanda Crane,Eugene Johnson,4531.93,batch,completed,2026-07-04 10:22:38.595616,1
FRD0012,James Smith,Justin Nolan,11215.97,batch,completed,2026-07-04 04:05:00.000000,1
RND0004,Krystal Wilkinson,Heather Mcclure,2000.0,batch,completed,2026-07-05 21:30:00.000000,1
VEL0010,Randy Mann,Jessica Castaneda,1165.31,real-time,completed,2026-07-20 03:18:00.000000,1
TXN0702,Russell Keller,Sandra Johnson,3411.13,batch,completed,2026-07-07 22:08:30.971526,0
FRD0010,Joel Cox,Brandi Zavala,8649.22,batch,completed,2026-07-04 03:54:00.000000,1
TXN0123,Timothy Lawson,David Hickman,2129.5,real-time,completed,2026-07-11 08:40:43.714381,0
TXN0296,Tammy Williams,Mathew Ward,4447.67,batch,completed,2026-07-22 03:27:35.908841,0
TXN0544,Jamie Rosales,Faith Williams,835.68,batch,completed,2026-07-23 00:27:16.034725,0
TXN0465,Brad Malone,Theodore Mason,4504.74,batch,completed,2026-07-05 06:55:21.272934,0
TXN0041,Steven Richards,Herbert Howard,3359.71,batch,completed,2026-07-07 07:04:27.945966,0
TXN0006,Emma Taylor,Brandi Herrera,1.0,batch,completed,2026-07-21 14:02:49.860883,0
TXN0745,Tara Knight,Alexis Downs,1703.38,batch,completed,2026-07-13 04:18:41.103094,0
MIS0005,Dan Young,Brittany Joseph,3988.06,batch,completed,2026-07-14 23:57:00.000000,1
TXN0988,David Norton Jr.,Alexander Miller,2452.28,batch,completed,2026-07-28 20:11:35.727423,0
TXN0777,Amber Parker,Kara Jackson,666.76,batch,completed,2026-07-03 03:23:05.769919,0
TXN0908,Miguel Rodriguez,Kimberly Wilcox,2253.25,real-time,completed,2026-07-26 13:35:06.449266,0
RND0001,Gregory Boone,Brian Lyons,1000.0,real-time,completed,2026-07-16 00:07:00.000000,1
TXN0278,Paul Thomas,William Wilson,336.42,batch,completed,2026-07-05 10:52:40.675005,0
TXN0195,Rebecca Foster,Kevin Green,4486.29,batch,completed,2026-07-21 05:49:41.501714,0
TXN0074,Jennifer Miller,Amber Williams,4698.13,batch,completed,2026-07-27 13:57:07.580945,0
TXN0660,Emma Lucero,Robert Williams,1930.5,real-time,completed,2026-07-08 06:17:18.421801,0
WKD0009,Hector Davis,Jeffrey Osborne,8553.64,batch,completed,2026-07-13 10:00:00.000000,1
DUP0005,Jason King,John Lynch,5055.78,batch,completed,2026-07-19 05:42:06.504956,1
TXN0168,Rebecca Price,Julia Robbins,2217.79,real-time,completed,2026-07-21 13:29:18.806272,0
TXN0240,Joseph Hayes,Annette Miller,3697.15,batch,completed,2026-07-04 02:47:15.913778,0
TXN0646,Brandon Hernandez,Paul Green,3227.09,batch,completed,2026-07-30 13:38:17.594408,0
TXN0946,Nicholas Hamilton,Kimberly Meza,2871.47,batch,completed,2026-07-18 03:41:21.777649,0
TXN0898,Christine Rogers,Wendy Price,934.16,batch,completed,2026-07-11 09:01:50.027965,0
TXN0928,Matthew Booth,Elizabeth Crawford,2027.99,real-time,completed,2026-07-02 20:38:35.463215,0
STR0004,Tyrone Wilson,Alexander Robinson,968.13,real-time,completed,2026-07-15 14:04:00.000000,1
TXN0710,Lisa Miller,Jonathan Hernandez,5579.14,real-time,completed,2026-07-20 01:31:53.206004,0
TXN0081,George Smith,Robert Johnson,2875.84,batch,completed,2026-07-23 21:16:42.573986,0
TXN0555,Robert Farmer,Renee Green,1.0,batch,completed,2026-07-14 20:04:40.433297,0
TXN0749,Kristin Thomas,Carmen May,3050.33,real-time,completed,2026-07-26 23:27:40.802539,0
TXN0487,John Watts,Jack Mitchell,2249.87,batch,completed,2026-07-04 21:14:39.585788,0
TXN0742,Kimberly Lee,Karen Hendricks,5092.06,batch,completed,2026-07-23 22:08:37.099734,0
TXN0187,Adam Long,Lorraine Rogers,4157.92,real-time,completed,2026-07-27 12:53:39.289513,0
TXN0061,Sara Chandler,Elaine Schmidt,1127.45,batch,completed,2026-07-29 15:50:09.325400,0
TXN0322,Christopher Brown,Molly Smith,3820.07,real-time,completed,2026-07-06 07:32:50.827925,0
TXN0016,Melissa Cole,Renee Bailey,1505.52,batch,completed,2026-07-18 05:59:51.772840,0
GHT0007,Thomas Tucker,Mike Mcdonald,0.72,real-time,completed,2026-07-05 06:18:00.000000,1
STR0008,Tyrone Wilson,Alexander Robinson,905.54,real-time,completed,2026-07-15 14:08:00.000000,1
TXN0861,Veronica Edwards,Kathy Humphrey,1815.31,batch,completed,2026-07-15 06:56:16.866083,0
TXN0982,James Ferguson,Erica Clark,3527.76,real-time,completed,2026-07-06 16:39:23.040496,0
TXN0472,Amanda Anderson,George Estes,3302.68,real-time,completed,2026-07-04 11:37:38.703476,0
TXN0664,Stephen Wood,Joshua Wright,2802.43,batch,completed,2026-07-06 06:41:13.842635,0
TXN0015,Amanda Hayes,Madison Reed,2111.29,batch,completed,2026-07-12 06:25:11.648283,0
TXN0091,Matthew Wilson,Willie Anderson,919.2,batch,completed,2026-07-02 05:14:31.366768,0
TXN0360,Anthony Lewis,Angela Hernandez,1070.09,batch,completed,2026-07-05 10:24:54.923892,0
TXN0488,Ryan Baker,Sheena Foley,3493.18,batch,completed,2026-07-27 13:33:48.819179,0
TXN0142,Whitney Villegas,Angelica Murray,3787.62,batch,completed,2026-07-04 15:58:52.400685,0
TXN0177,Mary Reyes,Kevin Harper,3250.81,batch,completed,2026-07-17 13:21:42.207179,0
TXN0784,Melinda Hansen,Richard Smith,3071.21,batch,completed,2026-07-08 13:29:11.671063,0
TXN0033,Whitney Mata,Brooke Allison,3259.65,batch,completed,2026-07-05 20:45:10.582546,0
TXN0998,Michael Kim,Jennifer Smith,2139.58,batch,completed,2026-07-28 16:32:21.734347,0
TXN0799,Thomas Meyers,Crystal Wright,1.0,batch,completed,2026-07-13 15:18:14.853343,0
RND0006,Nancy Cole,Tanner Gonzalez,5000.0,batch,completed,2026-07-23 09:25:00.000000,1
TXN0047,Frederick Zavala,Crystal Dunn,2206.14,batch,completed,2026-07-15 23:50:38.126710,0
TXN0249,Joel Hudson,Zachary Prince,4491.74,real-time,completed,2026-07-15 08:21:51.644464,0
TXN0131,Dennis Barrera,Elizabeth White,4144.65,batch,completed,2026-07-25 07:01:43.237645,0
TXN0603,Crystal Werner,Leonard Russell,4882.33,batch,completed,2026-07-29 10:14:37.322638,0
TXN0458,Richard Lee,Sarah Woodward,197.14,real-time,completed,2026-07-03 21:29:49.143819,0
TXN0115,Lindsey Rivera,Rebecca Dillon,5153.57,real-time,completed,2026-07-25 19:34:06.847309,0
TXN0265,Lucas Patel,Steven Lang,3781.29,batch,completed,2026-07-25 19:32:08.215535,0
TXN0422,Joshua Shaffer,Tony Gallagher,1196.69,batch,completed,2026-07-27 00:00:21.511035,0
TXN0094,Gregory Sullivan,Haley Brooks,2123.7,batch,completed,2026-07-24 22:11:16.320795,0
TXN0327,Tyler Fisher,Jennifer Foster,4186.12,batch,completed,2026-07-14 13:34:21.602030,0
TXN0045,Jason Johnson,Chad Thompson,3792.22,batch,completed,2026-07-11 19:32:14.904476,0
TXN0339,Jose Hall,Bryan Shah,1162.64,real-time,completed,2026-07-15 23:49:19.507204,0
TXN0212,Kelli Tyler,Matthew Hunter,1.0,real-time,completed,2026-07-29 13:53:44.520149,0
TXN0546,Cynthia Park,Adam Ramirez,2526.78,real-time,completed,2026-07-04 19:52:22.983114,0
TXN0921,Mark Berry,Virginia Munoz,2056.72,batch,completed,2026-07-20 13:01:30.139796,0
TXN0566,Gloria Rivera,David Cox,891.26,batch,completed,2026-07-30 11:05:07.811344,0
TXN0652,Robert Meza,Melissa Rice,2673.08,batch,completed,2026-07-11 13:27:50.807276,0
TXN0598,Victoria Carson,Jaime Watts,1513.66,batch,completed,2026-07-07 02:37:03.494348,0
TXN0741,Steven Brown,Jesse Downs,3236.58,batch,completed,2026-07-19 17:29:34.702284,0
TXN0573,Joshua Dean,Danielle Bell,2065.03,real-time,completed,2026-07-29 08:35:42.262870,0
TXN1000,Jose Dixon,Christina Gray,4916.77,batch,completed,2026-07-15 00:14:53.276122,0
TXN0315,Kristin Rogers,Lisa Leblanc,3217.7,real-time,completed,2026-07-25 11:49:00.461769,0
TXN0479,Timothy Hansen,Matthew Bartlett,2981.42,real-time,completed,2026-07-17 02:03:38.324962,0
TXN0728,Michael Wright,Patricia Gentry,3908.81,real-time,completed,2026-07-08 01:40:08.248020,0
TXN0636,Christine Khan,Michael Webb,3620.29,batch,completed,2026-07-24 17:53:43.931760,0
TXN0340,Sara Beard,Isabel Griffith,4320.05,batch,completed,2026-07-29 14:56:16.448045,0
TXN0355,Teresa Day,Taylor Smith,1414.63,real-time,completed,2026-07-03 18:15:03.656299,0
TXN0272,Michele Miller,Raymond Richardson,3511.34,batch,completed,2026-07-07 17:33:35.271483,0
TXN0706,Philip George,Michael Butler,1869.25,batch,completed,2026-07-13 01:50:39.832100,0
TXN0845,Nancy Mclaughlin,Keith Johnson,3139.98,batch,completed,2026-07-04 16:10:46.237983,0
TXN0651,Tiffany Smith,Tara Green,4350.08,batch,completed,2026-07-06 12:02:22.324917,0
TXN0437,Amy Brown,Sara Carroll,1583.88,batch,completed,2026-07-09 01:39:01.995420,0
MIS0004,Mark Tanner,Joseph Morrison,3979.96,batch,completed,2026-07-18 23:16:00.000000,1
TXN0297,Emily Bennett,Briana Martinez,4330.13,real-time,completed,2026-07-26 09:08:01.020386,0
TXN0528,Timothy Huerta,Matthew Adams,2081.34,real-time,completed,2026-07-09 06:57:57.433447,0
TXN0071,Paul Werner,Jill Larson,3382.08,real-time,completed,2026-07-06 04:53:33.821438,0
TXN0769,Jennifer Mcmahon,Dawn Franco,864.94,real-time,pending,2026-07-11 19:40:33.880780,0
TXN0865,Sharon Frank,Ronnie Wright,748.86,real-time,pending,2026-07-11 05:31:25.765001,0
TXN0661,Derrick Phillips,Melissa Abbott,849.41,batch,completed,2026-07-03 12:24:18.241234,0
TXN0057,Emma Mendoza,Timothy Cline,5044.32,batch,completed,2026-07-27 16:14:37.778215,0
TXN0004,Leah Wallace MD,Darlene Garner,1238.48,batch,completed,2026-07-06 07:08:58.523994,0
TXN0299,Michael Townsend,Jeffrey Ruiz MD,421.14,real-time,completed,2026-07-03 04:31:01.537213,0
FRD0011,Morgan Keller,Timothy Conway,10407.69,batch,completed,2026-07-09 01:46:00.000000,1
TXN0412,Jason King,John Lynch,5055.78,batch,completed,2026-07-19 05:42:06.504956,0
TXN0323,Brett Collier,Taylor Miller,3172.19,batch,completed,2026-07-09 09:47:36.145403,0
TXN0037,Stephen Harrison,Kaitlyn Kirk,3879.29,real-time,completed,2026-07-13 05:11:35.423572,0
TXN0944,Theresa Nelson,Stephanie Lee,1862.56,batch,completed,2026-07-09 08:00:46.642648,0
TXN0964,Morgan Hobbs,Jaime Kline,4448.3,batch,completed,2026-07-16 02:03:33.223189,0
TXN0708,Angela Thomas,Thomas Garza,3130.18,real-time,completed,2026-07-29 13:58:33.562323,0
TXN0595,Tracy Cook,Earl Allen,1260.45,batch,completed,2026-07-06 16:29:50.911218,0
TXN0541,Laura Alvarado,Jacob Neal,96.2,batch,completed,2026-07-27 14:27:25.907613,0
TXN0125,William Nguyen,William Perez,3996.76,batch,completed,2026-07-20 09:11:00.998583,0
TXN0922,Nicole Pitts,Edgar Schwartz,3725.78,batch,completed,2026-07-02 07:43:47.484411,0
TXN0435,Jared Harris,Tracy Newton,5307.07,real-time,completed,2026-07-01 00:19:16.834032,0
TXN0754,Betty Solis,Katelyn Williams,2985.29,batch,completed,2026-07-27 01:31:29.082963,0
TXN0666,Joseph Burke,Traci Walter,3129.77,batch,completed,2026-07-06 15:50:27.768249,0
TXN0615,Leah Oconnor,Steven Brown,2832.92,batch,completed,2026-07-09 01:25:28.243773,0
VEL0018,Randy Mann,Stephanie Davies,376.24,real-time,completed,2026-07-20 03:34:00.000000,1
TXN0075,Richard Thomas,Robert Saunders,3079.05,batch,completed,2026-07-11 13:05:58.440563,0
TXN0451,Jose Alexander Jr.,Carl Castro,2577.62,batch,completed,2026-07-26 07:58:00.232184,0
TXN0170,Tammy Tanner,Rhonda Rivera,3321.75,real-time,completed,2026-07-28 04:24:49.659981,0
TXN0162,Annette Flores,Joshua Young,3350.82,real-time,completed,2026-07-07 04:01:18.330621,0
GHT0002,Jasmine Johns,Matthew Schwartz,0.41,real-time,completed,2026-07-16 06:55:00.000000,1
TXN0467,Carolyn Byrd,Jennifer Moore,1856.22,batch,completed,2026-07-13 00:51:00.733632,0
TXN0604,Mrs. Joy Love DVM,Emily Cruz,3120.36,real-time,completed,2026-07-15 10:33:53.048961,0
TXN0054,Jacqueline Williams,Carla Thompson,1191.19,batch,completed,2026-07-21 07:32:24.912716,0
TXN0943,Sarah Sherman,Erin Melendez,2337.26,real-time,completed,2026-07-29 02:51:44.553049,0
WKD0004,Jeremiah Peterson,Olivia Brown,10045.05,batch,completed,2026-07-19 18:00:00.000000,1
FRD0008,Todd Jordan,Heather Young,13640.73,batch,completed,2026-07-23 04:21:00.000000,1
TXN0535,Timothy Butler,Karen Gonzalez,1703.72,batch,completed,2026-07-18 07:21:14.497932,0
TXN0137,Michael Ray,Michael Waters,4590.89,batch,completed,2026-07-10 02:07:20.699871,0
TXN0808,John Lopez,Paul Johnson,37.8,batch,completed,2026-07-10 17:16:32.411984,0
TXN0357,Veronica Pena,Michael Wiggins,1079.94,batch,completed,2026-07-13 06:48:52.394809,0
TXN0484,Patty Dominguez,Michael Santiago,5213.43,real-time,completed,2026-07-06 01:40:33.484833,0
TXN0499,Julian Phillips,Cesar Hurst,1.0,real-time,completed,2026-07-11 15:19:18.509913,0
TXN0394,Samuel Jones,Todd Sanchez,1848.35,batch,completed,2026-07-30 02:31:18.592235,0
TXN0853,Sherry Chen,Monique Santos MD,3607.69,real-time,completed,2026-07-18 01:56:49.418745,0
TXN0859,Scott Bradley,Teresa Benson,2128.07,batch,completed,2026-07-13 10:18:51.042177,0
TXN0285,Robert Jennings,Judy Chen,2538.8,real-time,completed,2026-07-25 23:38:56.357007,0
RND0009,Jennifer Mclean,Betty Dean,5000.0,batch,completed,2026-07-01 02:45:00.000000,1
TXN0098,Michael Collins,Brian Daniels,1076.93,batch,completed,2026-07-08 02:04:44.394042,0
TXN0201,Renee Johnston,Matthew Burgess,2509.07,batch,completed,2026-07-22 13:08:48.436532,0
TXN0064,Nathan Zhang,Jeremy Carr,1865.05,real-time,completed,2026-07-13 23:26:25.978616,0
TXN0948,Tabitha Stout,Rita Jacobs,2426.03,batch,completed,2026-07-30 11:21:40.073197,0
TXN0132,Luis Diaz,Melissa Bishop,1537.76,batch,completed,2026-07-24 18:33:42.947204,0
TXN0791,Henry Stuart,Jamie Martin,479.66,batch,completed,2026-07-28 22:53:19.216233,0
TXN0215,Michael Knight,Anthony Smith,2850.01,batch,completed,2026-07-22 23:25:49.424298,0
TXN0438,Christopher Yates,Janice Sullivan,2661.73,batch,completed,2026-07-23 05:01:57.196902,0
TXN0493,Kyle Stevens,Debra Fisher,1.0,batch,completed,2026-07-03 01:58:37.345846,0
TXN0616,Michael Moore,Cassandra Cardenas,2530.38,batch,completed,2026-07-13 12:40:46.973461,0
RND0010,Leslie Cox,Leah Williams,1000.0,batch,completed,2026-07-03 01:55:00.000000,1
TXN0763,Joan Carrillo,Katherine Kim,4667.33,batch,completed,2026-07-22 22:43:59.263128,0
TXN0935,Amy Moore,Deborah Fisher,3135.82,batch,completed,2026-07-29 15:34:59.115533,0
TXN0680,Amber Jones,Susan Austin,3540.29,batch,completed,2026-07-17 19:22:25.094258,0
FRD0003,Abigail Mckenzie,Nancy Mosley,13184.67,batch,completed,2026-07-18 01:37:00.000000,1
TXN0860,David Murphy,Amy Chambers,3831.62,real-time,completed,2026-07-27 01:37:28.249015,0
TXN0457,Natalie Davidson,Renee Wilkerson,3913.36,batch,completed,2026-07-27 17:31:57.282693,0
TXN0464,Paul Farrell,Dustin Johnson,4595.36,batch,completed,2026-07-15 22:15:08.492016,0
TXN0659,Diana Young,Billy Weeks,3483.93,batch,completed,2026-07-18 07:25:57.919843,0
TXN0722,Robert Ramirez,Charles Garza,2098.93,real-time,completed,2026-07-24 19:11:02.417027,0
TXN0413,Robert Sutton,James Washington,783.0,batch,completed,2026-07-29 04:18:18.381216,0
TXN0030,Victoria Sloan,Peter Brown,1725.95,real-time,completed,2026-07-23 12:19:44.334262,0
SWT0009,Dr. Charles Jones MD,Nicole Beard,5694.12,real-time,completed,2026-07-20 13:49:39.074257,1
TXN0023,Jeremy Davis,Melissa Norman,921.03,batch,completed,2026-07-15 07:15:26.721575,0
SWT0002,Stephen Lee,Mary Kane,3272.565,real-time,failed,2026-07-17 20:05:31.418301,1
TXN0649,Meredith Simpson,Barbara Clark,2240.36,batch,completed,2026-07-25 13:36:29.802571,0
TXN0366,Mary Brown,John Stark,3021.87,real-time,completed,2026-07-27 13:08:24.634426,0
RND0011,Robert Levine,Donald Nguyen,10000.0,batch,completed,2026-07-17 07:17:00.000000,1
TXN0815,Christopher Huffman,Anthony Cox,3143.1,batch,completed,2026-07-23 08:15:30.701720,0
TXN0337,Benjamin Charles,Sarah Nguyen,1264.77,batch,completed,2026-07-26 11:54:26.753615,0
TXN0189,Christina Miles,Terry Richards,3382.45,real-time,completed,2026-07-13 05:37:48.739111,0
TXN0858,Andrea Reed,Michael Shannon,2186.99,real-time,completed,2026-07-21 10:36:25.854052,0
TXN0171,William Ellis,Christopher Ramos,1437.76,batch,completed,2026-07-19 16:27:19.466447,0
TXN0550,Derek Davis,Mary Morris,4660.84,real-time,completed,2026-07-01 06:23:11.542931,0
TXN0205,Wendy Ruiz,Ryan Robinson DDS,3482.89,batch,completed,2026-07-13 18:25:58.312934,0
TXN0044,Kristopher Stevens,Kelly Yang,2921.27,batch,completed,2026-07-04 11:57:00.369977,0
TXN0088,Tabitha Turner,Ashley Dean,4353.08,real-time,completed,2026-07-11 05:43:21.317600,0
TXN0423,John Wallace,Jessica Baldwin,4893.67,batch,completed,2026-07-13 10:13:07.315989,0
TXN0402,Edward Lin,Tracy Scott,1.0,real-time,completed,2026-07-24 22:30:01.872373,0
TXN0804,Kelsey Kim,Dustin Avila,3075.34,batch,completed,2026-07-07 03:29:04.928267,0
TXN0634,Jamie Walton,Michael Williams,3869.25,batch,completed,2026-07-25 17:11:26.259184,0
TXN0027,Dr. Charles Jones MD,Nicole Beard,3796.08,batch,completed,2026-07-20 13:49:39.074257,0
TXN0965,Patricia Fields,Collin Smith,3357.85,batch,completed,2026-07-30 12:58:23.557029,0
SWT0006,Mackenzie Kim,Richard Palmer,3745.545,real-time,completed,2026-07-07 11:31:21.648050,1
TXN0940,Alexis Obrien,Alicia Moreno,3168.91,batch,completed,2026-07-01 10:43:36.493510,0
TXN0951,Justin Baldwin,David Thomas,1.0,real-time,completed,2026-07-12 11:44:02.162085,0
TXN0886,Mrs. Diana Nolan,Jonathan Roberts,3637.36,batch,completed,2026-07-12 06:07:41.962829,0
TXN0210,Dawn Hubbard,Jordan Guerra,1088.76,batch,completed,2026-07-20 02:52:12.334451,0
TXN0931,Jimmy Mack,Brandon Johnson,225.93,real-time,completed,2026-07-25 23:18:20.026184,0
TXN0679,Jared Hansen,John Lopez,2012.96,batch,completed,2026-07-19 10:08:16.894821,0
TXN0426,Tammy Combs,Jill Wilson,3217.4,batch,completed,2026-07-23 00:35:55.942516,0
DUP0006,Jared Hansen,John Lopez,2012.96,batch,completed,2026-07-19 10:08:16.894821,1
TXN0762,Pedro Mahoney,Jacqueline Cherry,2385.04,real-time,completed,2026-07-05 04:43:47.016273,0
TXN0235,Thomas Watson,Kelly Kim,8222.28,batch,completed,2026-07-23 03:46:30.641814,0
TXN0150,Brett Hart,Robert Solis,905.94,batch,completed,2026-07-07 15:55:42.946083,0
TXN0448,Chris Perez,Kevin Chen,813.54,batch,completed,2026-07-19 06:00:42.922735,0
TXN0330,Dennis Gray,Rachel Hunt,2895.05,batch,completed,2026-07-08 04:48:25.768922,0
TXN0224,Tracy Hess,Kathleen Lynch,2666.4,batch,pending,2026-07-10 18:15:11.300030,0
TXN0236,Michael Byrd,Maurice Ellis,4413.68,real-time,completed,2026-07-04 01:00:53.561707,0
TXN0440,Rebecca Owen,Stephanie Smith,2151.36,batch,completed,2026-07-02 19:12:29.642564,0
TXN0135,Leslie Allen,David Robinson,911.4,real-time,completed,2026-07-02 20:36:40.216164,0
TXN0476,Sherry Garcia,Christine Woods,3708.58,real-time,completed,2026-07-08 06:01:10.401782,0
TXN0551,Wesley Williams,Joseph Smith,5028.48,batch,completed,2026-07-27 17:48:55.047319,0
TXN0046,John Simpson,Lisa Hernandez,3454.49,batch,completed,2026-07-16 18:44:18.490812,0
TXN0938,Casey Gomez,Joshua Turner,4732.94,real-time,pending,2026-07-12 19:51:07.742563,0
TXN0822,Tracy Wright,Bradley Roth,3248.12,batch,completed,2026-07-20 17:14:55.666975,0
MIS0003,Nicole Patterson,Lisa Smith,1571.49,batch,completed,2026-07-05 23:15:00.000000,1
TXN0443,Amber Wells,Charles Brewer,2229.22,batch,completed,2026-07-18 13:45:20.733618,0
TXN0717,Sonia Brown,Jennifer Jackson,3668.24,batch,completed,2026-07-17 22:51:29.970901,0
TXN0283,Mr. Jared Pratt,Anita Long,215.03,batch,completed,2026-07-02 02:16:56.561689,0
TXN0018,Katie Moreno,Jeff Moss,4113.19,batch,completed,2026-07-15 07:56:52.875619,0
TXN0819,Debra Thomas,Michael Wheeler,3040.63,batch,completed,2026-07-12 09:46:31.844617,0
TXN0713,Michael Hamilton,Janet Velez,3724.98,batch,completed,2026-07-15 10:26:34.427297,0
TXN0627,Rodney Tanner,Michael Harris,2395.66,real-time,completed,2026-07-30 08:29:36.611632,0
TXN0222,Jeffrey Guzman,Teresa Washington,3140.81,batch,completed,2026-07-07 01:13:28.411319,0
TXN0032,Mark Moreno,Michelle Juarez,2778.44,real-time,completed,2026-07-25 04:06:46.170302,0
FRD0007,Catherine Estes,Joseph Hughes,11144.46,batch,completed,2026-07-09 01:48:00.000000,1
TXN0767,Robert Ward,Robin Davis,1689.6,real-time,completed,2026-07-11 12:37:00.900086,0
TXN0174,Tyler Foster,Elizabeth Johnson,1468.52,batch,completed,2026-07-23 08:41:15.748554,0
TXN0574,Dana Reyes,Paul Novak,3466.87,batch,completed,2026-07-19 03:07:18.285156,0
TXN0953,Kaitlin Allen,Dawn Zavala,1802.88,real-time,completed,2026-07-27 05:37:13.654587,0
TXN0536,William Morgan,Valerie Nelson,1986.05,batch,completed,2026-07-03 05:49:59.732301,0
TXN0403,James Brown,Joanna Edwards,4243.11,real-time,completed,2026-07-05 22:51:05.165157,0
TXN0153,Carl West,Kelly Bush,3284.83,batch,completed,2026-07-06 00:33:19.268383,0
TXN0363,Tiffany Boyd,Allison Davis,3052.26,real-time,completed,2026-07-27 06:05:07.273863,0
TXN0271,Stephanie Thomas,Stephen Hill,3621.71,real-time,completed,2026-07-04 08:28:47.030112,0
TXN0919,Catherine Jones,Brandon Thompson,3365.9,real-time,completed,2026-07-13 17:01:20.604478,0
RND0005,Todd Lopez,Erica Mccoy,3000.0,real-time,completed,2026-07-17 19:27:00.000000,1
TXN0621,Ronald Hatfield,Alex Hawkins,3099.81,batch,completed,2026-07-16 12:54:25.040467,0
TXN0369,Daniel Thomas,Anita Holland DDS,1597.77,batch,completed,2026-07-18 09:35:17.123013,0
TXN0372,Ashley Combs,Pamela Pruitt,3145.92,batch,completed,2026-07-13 21:41:47.049375,0
TXN0269,James Mckenzie,Edward Shaw,3745.87,real-time,completed,2026-07-14 03:47:20.768920,0
TXN0258,Kelly Roberts,Holly Gonzalez,4357.6,real-time,completed,2026-07-20 11:31:51.727306,0
TXN0140,Tracy Meadows,Andrew Garcia,5164.73,batch,completed,2026-07-28 07:20:01.557833,0
TXN0368,Jacqueline Chavez,James Brown,3203.66,batch,completed,2026-07-08 16:47:08.346357,0
TXN0475,Robert Arellano,Brett Torres,3876.24,batch,completed,2026-07-10 17:29:56.872473,0
TXN0474,Gerald Smith,Thomas Gutierrez,4653.43,real-time,completed,2026-07-23 19:29:00.368196,0
TXN0255,Jared Thompson,Judy Bates,1082.05,batch,completed,2026-07-27 19:35:28.627949,0
TXN0421,Diana Thomas,Jacob Howard,2419.68,batch,completed,2026-07-24 13:16:48.141966,0
TXN0789,Joseph Mccarthy,Eric Perkins,1.0,batch,completed,2026-07-11 12:29:06.911631,0
TXN0821,Peter Navarro,Jacqueline Harris,2928.58,real-time,completed,2026-07-14 19:40:16.194228,0
TXN0169,Anthony Avila,Elizabeth Potts,3646.08,real-time,completed,2026-07-09 02:31:20.342242,0
TXN0346,Sharon Jackson,David Leach,2160.11,batch,completed,2026-07-16 12:24:13.913757,0
TXN0078,Reginald Martinez,Jesse Chen,3436.28,batch,completed,2026-07-14 17:50:51.201327,0
TXN0292,Destiny Lee,Amanda Kennedy,5412.56,batch,completed,2026-07-08 21:11:27.732634,0
TXN0807,Benjamin Arroyo,Anthony Garner,3232.95,real-time,completed,2026-07-09 17:45:22.193965,0
FRD0005,Stephanie Wade,Erin Fox,9628.63,batch,completed,2026-07-20 01:35:00.000000,1
TXN0136,Renee Newman,Kathleen Anderson,738.9,batch,completed,2026-07-23 06:12:55.989793,0
TXN0816,Melissa Young,Jorge Buchanan,3464.79,real-time,completed,2026-07-06 07:17:03.702192,0
TXN0647,Erika Roman,Mr. Michael Huerta,2113.49,batch,completed,2026-07-26 03:40:04.371937,0
STR0003,Tyrone Wilson,Alexander Robinson,991.61,real-time,completed,2026-07-15 14:03:00.000000,1
TXN0038,Joshua Padilla,Meghan Thomas,3926.45,batch,completed,2026-07-23 13:02:10.862430,0
TXN0925,Joshua Riley,Anthony Carter,4391.09,batch,completed,2026-07-11 01:26:39.669621,0
TXN0319,Michelle Haley,Roberta Wright,2885.07,real-time,completed,2026-07-23 20:51:31.077289,0
TXN0563,James Brown,Samantha Hill,6061.35,batch,completed,2026-07-15 17:50:52.229728,0
TXN0890,Edward Baker,Patricia Nichols,3953.17,batch,completed,2026-07-19 02:15:07.093056,0
TXN0694,Stephanie Arnold,Nicholas Perez,3307.76,batch,completed,2026-07-05 23:35:56.406305,0
TXN0894,Sarah Palmer,Jennifer Morrow,2400.35,real-time,completed,2026-07-23 22:06:07.447208,0
TXN0211,Allison Hayes,Scott Chapman,1426.44,batch,completed,2026-07-29 13:29:07.946050,0
TXN0139,Jennifer Maynard,Amanda Barrera,2107.09,batch,completed,2026-07-24 12:08:26.846755,0
TXN0228,Jennifer Hartman,Timothy Parks,549.0,real-time,completed,2026-07-17 16:13:32.656400,0
TXN0333,Kayla Davis,Amy Allen,1045.94,batch,completed,2026-07-01 04:09:10.575658,0
VEL0005,Randy Mann,Stephen Walker,309.1,real-time,completed,2026-07-20 03:08:00.000000,1
TXN0148,Charles Russell,Jennifer Meyer,87.63,real-time,pending,2026-07-27 15:36:33.910588,0
TXN0389,Michael Green,David Johnson,2321.72,batch,completed,2026-07-06 18:12:37.088796,0
TXN0739,Nicole Rodriguez,Jason Thomas,2948.24,batch,completed,2026-07-20 03:30:20.430440,0
TXN0639,Stephanie Morris,Ronald Smith,784.84,batch,completed,2026-07-27 12:49:11.234520,0
TXN0109,Anthony Garcia,Brian Wang,3051.06,batch,failed,2026-07-05 11:58:52.088181,0
TXN0540,Rhonda Jarvis,Parker Thompson,3358.46,batch,completed,2026-07-02 13:08:23.312673,0
TXN0480,Casey Fisher,Ashley Adams,2045.23,batch,completed,2026-07-23 12:03:26.979200,0
TXN0325,Jeffrey Carlson,Pamela Perez,2675.46,batch,completed,2026-07-09 16:21:02.676950,0
TXN0802,Benjamin Lucas,Jared Knapp,934.03,batch,completed,2026-07-19 01:32:48.347666,0
TXN0409,Jodi David,Amy Carroll,6169.24,batch,completed,2026-07-09 20:24:46.153176,0
FRD0013,Catherine Pena,Marilyn Morgan,11864.28,batch,completed,2026-07-27 03:36:00.000000,1
TXN0771,Ricky Jimenez MD,Brian Fletcher,3490.36,batch,completed,2026-07-20 00:45:00.134379,0
TXN0370,Lisa Brown,Kimberly Washington,341.49,batch,completed,2026-07-16 18:49:01.225869,0
TXN0433,Adrian Allen,Brittany Brady,4877.04,real-time,completed,2026-07-23 09:35:02.990895,0
TXN0200,Michelle Ryan,Elijah Rasmussen,1.0,real-time,completed,2026-07-01 14:46:17.876929,0
WKD0010,Jamie Hernandez,Brittney James,7617.4,batch,completed,2026-07-12 16:00:00.000000,1
TXN0569,Michael George,Angel Willis,7508.67,batch,completed,2026-07-23 02:31:54.104460,0
TXN0290,Cassandra Carlson,Sharon King,3278.27,batch,failed,2026-07-10 03:46:40.363979,0
TXN0247,Kristy Torres,Steven Baxter,1965.43,batch,completed,2026-07-02 15:45:02.641521,0
TXN0203,Tracy Jackson,Ryan Kirk,4915.97,batch,completed,2026-07-02 20:32:38.422501,0
TXN0863,Rachel Hernandez,Paul Grant,2842.62,batch,completed,2026-07-04 12:07:48.458037,0
TXN0682,Stephen Garza,Whitney Hernandez,1830.33,real-time,completed,2026-07-22 00:24:37.360724,0
TXN0572,Heidi Daniel,Stephen Obrien,1.0,batch,completed,2026-07-28 16:06:37.871670,0
TXN0379,Debbie Aguilar,Andrew Lopez,2631.08,real-time,completed,2026-07-07 18:41:34.077268,0
TXN0606,Kathleen Campbell,Timothy Wilson,1536.4,batch,completed,2026-07-18 04:06:12.298393,0
TXN0674,Brian Sanchez,Cindy Phillips,2157.0,real-time,completed,2026-07-17 09:22:37.012833,0
TXN0854,Joshua Morris,Amanda Haynes,3471.26,batch,completed,2026-07-10 11:26:39.570320,0
TXN0029,Courtney Patton,Sean Knapp,2170.75,batch,completed,2026-07-05 03:29:30.708959,0
TXN0048,Dale Haas,Jennifer Smith,2424.26,batch,completed,2026-07-14 05:23:11.149604,0
TXN0855,Alan Cantrell,Trevor Shaw,2663.43,real-time,failed,2026-07-08 01:39:14.045341,0
TXN0434,Carla Reilly,Mark Weaver,1661.73,batch,completed,2026-07-22 13:20:25.224673,0
TXN0800,Kevin Malone,Heidi Freeman,5260.64,real-time,completed,2026-07-27 10:25:27.662589,0
TXN0120,Alfred Butler DDS,John Kline,2072.42,batch,completed,2026-07-24 07:52:29.241408,0
TXN0017,Christopher Soto,Dawn Wilson,3607.82,batch,completed,2026-07-10 23:23:26.316048,0
TXN0192,Jonathon Smith,Jordan Ellis,2663.84,batch,pending,2026-07-04 03:11:27.837361,0
TXN0105,Taylor Hunt,Nicole Bell,2522.51,batch,completed,2026-07-04 04:54:11.671534,0
TXN0113,Kevin Wong,Rebecca Rice,2366.54,batch,completed,2026-07-29 09:18:43.440714,0
TXN0671,Kristen Gill,Theresa Mccoy,6389.18,batch,completed,2026-07-12 21:47:55.695092,0
TXN0701,Tyler Alvarado,Danielle Schneider,4590.2,real-time,completed,2026-07-29 15:27:24.366217,0
TXN0961,Angela Parker,Samuel Garza,2212.5,batch,completed,2026-07-10 02:41:06.591123,0
GHT0006,Nicholas Carr,Daniel Knapp,0.7,real-time,completed,2026-07-24 17:42:00.000000,1
TXN0233,Sharon Russell,Luis Flores,1674.91,batch,completed,2026-07-06 07:15:01.981596,0
TXN0227,Beth Simmons,Danielle Brennan,4796.77,batch,completed,2026-07-09 20:15:21.993735,0
TXN0232,James Green,Gregory Huang,4346.25,real-time,completed,2026-07-28 13:17:25.567214,0
TXN0082,Nicole Taylor,Justin Fleming,3591.46,batch,completed,2026-07-24 15:39:20.575841,0
TXN0416,Alexander Lynn,Amanda Bray,3220.66,real-time,completed,2026-07-27 11:02:34.382213,0
TXN0112,Felicia House,Kathleen Bullock,1154.95,batch,completed,2026-07-27 02:27:56.898759,0
TXN0052,Brandy Lee,Kendra Day,2498.42,batch,completed,2026-07-03 09:50:14.602724,0
TXN0034,Justin Richards,Alisha Jackson,2357.97,batch,completed,2026-07-14 12:53:34.583361,0
TXN0929,Aaron Walker,Jessica Powell,2113.22,real-time,completed,2026-07-13 20:51:11.609799,0
TXN0842,Brenda Edwards,Eric Woods,6835.36,batch,completed,2026-07-12 13:33:56.495474,0
TXN0468,Sara Miller,Dylan Mckenzie,1.0,real-time,completed,2026-07-17 18:01:05.230762,0
TXN0388,Ruth Hart,Kristin Escobar,2586.68,real-time,completed,2026-07-20 11:02:02.495241,0
TXN0396,David Thomas,Joshua Whitaker,2129.21,batch,completed,2026-07-27 01:52:08.648736,0
TXN0963,Amy Shields,Stacy Wallace,3789.16,batch,completed,2026-07-01 20:44:03.684309,0
TXN0398,Ethan Ayala MD,Jennifer Collins,3192.4,batch,completed,2026-07-06 04:34:30.871958,0
TXN0188,Debra Thompson,Albert Parsons,2493.13,batch,completed,2026-07-06 13:53:09.247516,0
TXN0905,Nichole Kane,Gail Salinas,5410.32,batch,completed,2026-07-16 04:41:37.053033,0
TXN0560,Jacob Santos,Patricia Graves,4078.89,batch,completed,2026-07-19 00:21:37.342477,0
TXN0461,Richard Jefferson,Lauren Smith,3351.15,batch,completed,2026-07-06 20:05:51.061798,0
RND0008,Denise Mitchell,Tiffany Lewis,5000.0,batch,completed,2026-07-03 10:01:00.000000,1
TXN0181,Eric Manning,Tracy Deleon,3819.24,batch,completed,2026-07-24 04:23:24.852212,0
TXN0803,James Moran,Bruce Vaughn,2857.59,real-time,completed,2026-07-07 02:56:29.534475,0
TXN0626,Tony Chen,Mr. Jerry Brown,1428.99,batch,completed,2026-07-21 15:05:43.532238,0
TXN0213,Karen Stone,Maureen Smith,1750.76,batch,completed,2026-07-15 07:09:48.535705,0
TXN0013,Joseph Taylor,Sara Blevins,2545.6,batch,completed,2026-07-14 01:07:37.284669,0
VEL0009,Randy Mann,Stephen Martinez,544.86,real-time,completed,2026-07-20 03:16:00.000000,1
TXN0653,Teresa Mitchell,Harold Carr,1449.93,batch,completed,2026-07-06 18:57:14.180333,0
TXN0314,Anthony Garcia,Timothy Steele,4225.73,real-time,completed,2026-07-09 11:16:45.096022,0
TXN0138,Tina Roberts,Anna Thompson,874.37,batch,completed,2026-07-16 01:04:47.611805,0
TXN0888,Matthew Crosby,Sarah Owens,2154.14,batch,completed,2026-07-24 17:34:34.696572,0
TXN0463,Roy Cline,Keith Salas,1806.59,batch,completed,2026-07-15 22:29:27.582113,0
TXN0582,Casey Berg,Amanda Wilkerson,2445.07,batch,completed,2026-07-18 04:06:07.795544,0
GHT0010,Melissa Perez,Jessica Long,0.06,real-time,completed,2026-07-16 16:58:00.000000,1
TXN0219,Helen Anderson,Doris Leach,3036.54,real-time,completed,2026-07-02 22:53:21.624847,0
TXN0780,Angela Cooper,Jessica Sweeney,2924.14,batch,completed,2026-07-29 02:30:47.417166,0
RND0014,Karen Stevenson,Patrick Cunningham,15000.0,batch,completed,2026-07-04 03:42:00.000000,1
TXN0183,Stephanie Johnson,Rachel Grant,81.95,batch,completed,2026-07-07 14:44:23.024509,0
VEL0015,Randy Mann,Jeffrey Estrada,335.69,real-time,completed,2026-07-20 03:28:00.000000,1
SWT0005,Lucas Patel,Steven Lang,5671.9349999999995,real-time,completed,2026-07-25 19:32:08.215535,1
TXN0896,Caleb Hurley,William Fields,1765.37,real-time,completed,2026-07-15 06:19:09.481728,0
TXN0972,Sherry Peterson,Aaron Petersen,3780.47,real-time,completed,2026-07-11 16:58:26.464224,0
TXN0618,Nicholas Murray,Samuel Roberts,2931.11,real-time,completed,2026-07-18 12:55:23.487042,0
TXN0155,Joshua Smith,David Castro,708.35,real-time,completed,2026-07-14 19:29:51.540289,0
TXN0506,Cheryl Brown,Charles Carroll,1837.37,batch,completed,2026-07-12 08:53:02.946039,0
TXN0491,Amanda Banks,Heather Jackson,2663.92,batch,completed,2026-07-26 15:10:17.788352,0
TXN0062,Cheryl Thompson,Charles Cole,5504.81,real-time,completed,2026-07-10 18:21:58.625489,0
TXN0191,Alicia Yu,David Flores,4603.09,real-time,completed,2026-07-22 06:43:32.990134,0
GHT0011,Jeffrey Moore,Daisy Kim,0.85,real-time,completed,2026-07-06 01:32:00.000000,1
TXN0063,Andrew Griffin,Adam Jennings,554.31,batch,completed,2026-07-30 08:17:49.099581,0
TXN0431,Gina Gardner,Brian Wheeler,2858.94,real-time,completed,2026-07-19 00:57:07.466344,0
TXN0902,Jodi Pacheco,Mr. Charles Horne,2894.5,batch,completed,2026-07-17 19:55:15.209476,0
TXN0696,Carrie Henry,Colin Trevino,2241.38,real-time,completed,2026-07-07 19:33:57.690907,0
TXN0525,Barbara Harris,Samuel Rodriguez,2371.66,real-time,completed,2026-07-02 22:42:06.005392,0
TXN0715,Maria Anderson,Shawna Wood,3771.15,batch,completed,2026-07-13 09:43:04.623060,0
TXN0806,Joanna Brooks,Michelle Schneider,2040.44,batch,completed,2026-07-24 02:12:22.114740,0
TXN0380,Jessica Crosby,Matthew Ho,1634.7,batch,completed,2026-07-02 12:23:16.981897,0
TXN0359,Lisa Brown,Albert Ramirez,1207.09,real-time,failed,2026-07-03 17:55:36.101163,0
TXN0645,Amanda Edwards,Walter Stephens DDS,3248.31,batch,completed,2026-07-08 09:55:34.983051,0
TXN0273,Robert May,Corey Nixon,4158.61,real-time,completed,2026-07-07 04:14:03.137945,0
TXN0040,Jessica Sloan,George Torres,4972.87,real-time,completed,2026-07-29 15:19:38.060757,0
TXN0103,Melanie Cunningham,Meagan Washington,2721.18,batch,completed,2026-07-11 04:25:49.891479,0
TXN0786,Kyle Hensley,Dawn Moore,2029.84,batch,completed,2026-07-23 18:24:29.539302,0
TXN0260,Joy West,Jessica Price,4422.51,real-time,completed,2026-07-04 04:45:42.139804,0
TXN0097,Douglas Logan,Jacob Wilson,1.0,batch,completed,2026-07-29 14:39:47.378207,0
TXN0252,Suzanne Martin,George Walters,3435.37,batch,completed,2026-07-23 02:47:03.194178,0
TXN0557,Steven Atkins,Joseph Frank,1765.56,batch,completed,2026-07-18 22:59:23.099546,0
TXN0080,Lynn Miller,Erica Thomas,1777.66,real-time,completed,2026-07-20 21:24:23.115392,0
TXN0609,James Miller,Scott Hoffman,3258.37,real-time,completed,2026-07-21 00:42:48.289777,0
WKD0002,Joseph Ferrell,Amanda Fritz,9171.22,batch,completed,2026-07-27 16:00:00.000000,1
TXN0190,Lauren Bean,Rachel Stone,2402.65,batch,completed,2026-07-11 17:01:58.093423,0
TXN0684,Mackenzie Kim,Richard Palmer,2497.03,batch,completed,2026-07-07 11:31:21.648050,0
TXN0329,Anna Williams,Nathan Hammond,4176.63,real-time,completed,2026-07-18 22:51:42.330585,0
TXN0545,Dr. Eric Humphrey,Adam Lawson,3030.25,real-time,completed,2026-07-10 22:53:45.814754,0
TXN0099,Jerry Howard,Adam Roth,4243.06,batch,completed,2026-07-23 08:44:50.886559,0
TXN0393,Alyssa Zhang,Chelsea Rocha,1853.84,batch,completed,2026-07-26 05:48:21.508842,0
TXN0083,Amy Singleton,Rebecca Fields,953.52,batch,completed,2026-07-24 06:57:43.074894,0
TXN0056,Amy Leon,Pamela Booth,2691.42,batch,completed,2026-07-12 10:55:45.890229,0
TXN0415,Bryan Hernandez,Thomas Ellis,3338.57,batch,completed,2026-07-30 11:52:44.362965,0
TXN0486,Amanda Watson,Shelly Lindsey,1098.32,batch,completed,2026-07-26 08:29:42.910737,0
STR0014,Tyrone Wilson,Alexander Robinson,956.15,real-time,completed,2026-07-15 14:14:00.000000,1
TXN0990,Stephanie Whitehead,Brian Castillo,2322.1,batch,completed,2026-07-02 09:54:53.684729,0
TXN0958,Miguel Taylor,Alison Bryant,2529.29,real-time,completed,2026-07-07 11:53:28.748437,0
TXN0568,Christian Cruz,Laura Harris,2759.68,batch,completed,2026-07-03 23:23:51.713309,0
TXN0672,Anthony Gonzalez,Robert Davis,3800.25,batch,completed,2026-07-18 12:59:22.994327,0
TXN0945,Dominic Gonzales,Raymond Young,1025.81,batch,completed,2026-07-27 19:21:43.753659,0
TXN0941,Edward Warren,Luke Bautista,1803.09,real-time,completed,2026-07-20 21:00:59.263448,0
TXN0005,Zachary Rodriguez,Kara Mccoy,2987.81,batch,completed,2026-07-17 21:37:17.492511,0
TXN0761,Jeremiah Snyder,Margaret Carr,3711.12,real-time,completed,2026-07-05 04:55:54.675344,0
DUP0001,Ashley Reid,Jeremy Frost,1762.0,real-time,completed,2026-07-20 02:08:49.714720,1
TXN0999,Charles Ramsey,Erin Peters,1602.67,batch,completed,2026-07-28 15:09:19.591177,0
VEL0003,Randy Mann,Scott Riley II,1376.22,real-time,completed,2026-07-20 03:04:00.000000,1
TXN0611,Tonya Barry,Edward Watson,1.0,real-time,failed,2026-07-29 03:11:21.277288,0
TXN0880,Jason Morgan,Michael Patterson,4491.86,batch,completed,2026-07-09 04:59:32.148279,0
VEL0016,Randy Mann,Katelyn Olsen,1654.44,real-time,completed,2026-07-20 03:30:00.000000,1
TXN0640,Renee Rodriguez,Gregory White,789.58,batch,completed,2026-07-10 14:07:26.899691,0
TXN0571,Peter Wright,Robert Fernandez,4554.32,batch,pending,2026-07-07 14:12:35.729414,0
TXN0447,Michelle Soto,Jennifer Good,2368.41,real-time,completed,2026-07-20 04:34:41.562667,0
TXN0522,Ashley Reid,Jeremy Frost,1762.0,real-time,completed,2026-07-20 02:08:49.714720,0
TXN0628,Barbara Walker,Suzanne Miller,4309.43,batch,completed,2026-07-25 09:40:03.187415,0
TXN0843,Mary Powell,Mary Osborne,2312.84,real-time,completed,2026-07-17 02:07:27.819152,0
TXN0690,Natalie Harris,Dennis Page,475.27,real-time,completed,2026-07-17 21:41:29.865574,0
TXN0031,Randy Parker,Daniel Perez,5285.47,batch,completed,2026-07-02 01:53:37.268341,0
TXN0469,Heather Adams,Brent Ibarra,2861.4,real-time,completed,2026-07-14 20:01:22.220910,0
WKD0005,Janet Terrell,Patrick Collins,7381.23,batch,completed,2026-07-19 14:00:00.000000,1
TXN0096,Amy Johnston,James Henson,3373.24,real-time,completed,2026-07-05 19:35:42.963542,0
TXN0128,Maria Robertson,Omar Hernandez,4640.9,batch,completed,2026-07-15 22:23:17.523965,0
TXN0596,Laura Perez,Brittany Henry,1837.89,real-time,completed,2026-07-21 01:10:06.330745,0
TXN0518,Robert Mendez,Keith Johnson,2606.95,batch,completed,2026-07-20 08:56:37.714281,0
TXN0444,Donald Terry Jr.,Julia Clark,1.0,batch,completed,2026-07-08 16:13:23.921823,0
TXN0173,Lindsey Orr,Douglas Mendoza,1499.79,real-time,completed,2026-07-08 11:39:52.367173,0
TXN0068,Kathryn Rios,Amy Johnson,264.72,batch,completed,2026-07-28 10:29:15.073550,0
FCM0010,Stacey Miller,James Sawyer PhD,6628.28,batch,completed,2026-07-10 17:56:00.000000,1
TXN0832,Roberta Scott,Dylan Hood,9056.72,real-time,completed,2026-07-04 06:17:47.164769,0
TXN0656,Kristin Kelly,Tonya Huff,4020.69,batch,completed,2026-07-04 18:41:22.805105,0
VEL0001,Randy Mann,Elizabeth Warren,1754.91,real-time,completed,2026-07-20 03:00:00.000000,1
TXN0392,Brett Rosales,Nicholas Wallace,3444.09,real-time,completed,2026-07-11 05:32:50.456474,0
TXN0697,Casey Smith,Paula Contreras,789.8,batch,completed,2026-07-02 19:27:00.039132,0
TXN0650,Kyle Johnson,Daniel Cunningham,2949.53,batch,completed,2026-07-10 05:09:21.839366,0
TXN0756,Paul Hanna,Brent Howard,657.42,real-time,completed,2026-07-20 17:49:00.630239,0
TXN0390,Lisa Mccarty,Oscar Spencer,1.0,batch,completed,2026-07-02 21:28:23.199566,0
TXN0675,Tina Gentry,Cynthia Kim,2875.29,batch,completed,2026-07-17 20:41:51.724620,0
VEL0017,Randy Mann,Aaron Calderon,1740.74,real-time,completed,2026-07-20 03:32:00.000000,1
TXN0505,Frances Scott,Daniel Harris,2714.6,batch,completed,2026-07-16 23:23:48.038365,0
TXN0579,Jimmy Perez,Angie Adams,5521.11,batch,completed,2026-07-03 01:14:13.476600,0
TXN0238,Bryan Wheeler,Cynthia Black,4183.2,batch,failed,2026-07-22 08:33:04.230381,0
TXN0836,Kara Fisher,Christina Rose,3231.66,batch,completed,2026-07-28 02:18:10.934994,0
TXN0507,Rhonda Morris,Thomas Preston,2335.85,batch,completed,2026-07-16 21:35:00.114682,0
TXN0110,Jack Smith,Ashlee Carlson,195.69,batch,completed,2026-07-23 15:11:04.458369,0
TXN0547,Brittany Weber,Beth Garcia,1649.42,batch,completed,2026-07-01 14:49:23.669985,0
TXN0878,Austin Sherman,Don Torres,1178.13,real-time,completed,2026-07-14 04:52:17.063397,0
TXN0095,Andrea Perkins,Christopher Torres,1750.06,batch,completed,2026-07-01 15:39:47.209065,0
TXN0164,Christine Long,Eric Sharp,34.24,real-time,completed,2026-07-27 07:57:45.103120,0
TXN0289,Gregg Navarro,Kenneth Riddle,3400.79,real-time,completed,2026-07-30 05:13:53.280360,0
TXN0310,Sarah Wu,Mark Hodge,2516.36,batch,completed,2026-07-14 08:43:03.131003,0
TXN0253,Michelle Curtis,Marc King,5782.69,batch,completed,2026-07-01 08:54:10.807667,0
TXN0281,Carrie Ruiz,Jared Roberts,4582.71,batch,completed,2026-07-12 17:45:02.629181,0
TXN0718,William Jackson,Jenny Perkins,2968.08,batch,completed,2026-07-20 04:04:59.635415,0
TXN0025,George Mccarty,Brandon Juarez,5142.03,batch,completed,2026-07-07 13:18:13.650519,0
TXN0266,Andrea Jackson,Joan Thomas,1.0,real-time,completed,2026-07-19 15:04:13.763347,0
TXN0256,Antonio Watts,Christopher Baker,4332.1,batch,completed,2026-07-07 19:21:52.748667,0
TXN0923,Daniel Mcknight,Charles Cook,1513.59,batch,completed,2026-07-03 18:22:54.789803,0
TXN0907,Jamie Keller,Jill Ortiz,1.0,batch,completed,2026-07-09 10:39:47.308201,0
TXN0831,Rhonda Barrera,Michael Wiley,4391.85,real-time,completed,2026-07-02 03:09:23.864295,0
TXN0529,Mr. David Lopez,Andrea Livingston,2151.49,batch,completed,2026-07-07 01:24:04.169515,0
VEL0011,Randy Mann,Lisa Whitaker,452.33,real-time,completed,2026-07-20 03:20:00.000000,1
TXN0766,Dr. Andrea Guzman DDS,Michelle Wright,2941.67,real-time,completed,2026-07-22 02:04:00.667164,0
TXN0347,Suzanne Adams,Andrew Garcia,1903.79,batch,completed,2026-07-12 09:58:01.974148,0
TXN0893,Latoya Durham,Christine White,3245.18,batch,completed,2026-07-29 17:52:34.684025,0
TXN0892,Kara Lyons,Amanda Bryan,3968.05,real-time,completed,2026-07-26 20:23:30.408130,0
TXN0405,Annette Woods,Daniel Lane,2840.2,batch,completed,2026-07-01 02:04:45.278569,0
TXN0997,Cassandra Brown,Christine Estes,4047.05,batch,completed,2026-07-03 02:54:10.510314,0
TXN0877,Eric Santiago,Matthew Smith,7274.38,batch,completed,2026-07-22 23:30:27.573466,0
FRD0001,Heather Hoffman,Megan Mckenzie,12475.99,batch,completed,2026-07-01 03:15:00.000000,1
TXN0436,Calvin Douglas,Tiffany Jones,1286.95,batch,completed,2026-07-10 07:49:35.921803,0
DUP0010,Michael Ray,Michael Waters,4590.89,batch,completed,2026-07-10 02:07:20.699871,1
TXN0698,David Parker,Lynn Hill,2950.37,batch,completed,2026-07-09 17:45:05.067749,0
TXN0600,Lisa Delgado,Carolyn Jones,490.09,batch,completed,2026-07-16 07:23:07.017631,0
TXN0134,Keith Rivera,Alexandra Richardson,1597.03,batch,completed,2026-07-29 07:22:48.542936,0
TXN0462,Shelley Gonzalez,Mark Ross DVM,2032.01,batch,completed,2026-07-02 19:52:58.507750,0
TXN0514,Stephanie Brady,Martha Hutchinson,2402.46,batch,completed,2026-07-08 00:39:16.400801,0
TXN0519,Kara Russell,Lauren Mckee,3139.18,batch,completed,2026-07-03 08:08:52.683079,0
TXN0825,Christopher Strong,Jacob Johnson,1658.7,batch,completed,2026-07-21 08:50:33.582821,0
TXN0158,Shawn Michael,Daniel Howard,3357.08,batch,completed,2026-07-21 05:09:43.102516,0
TXN0429,Suzanne Odom,Craig Munoz,1475.47,batch,completed,2026-07-11 23:23:07.191676,0
TXN0042,Christian Lopez,Stephanie Clark,2305.44,batch,completed,2026-07-28 05:23:52.057409,0
TXN0239,Emily Brown,Jennifer Brown,735.35,batch,completed,2026-07-01 11:54:24.704678,0
TXN0558,Leslie Hughes,Mary Richard,1658.81,batch,completed,2026-07-16 00:30:39.321782,0
TXN0829,Holly Cain,Nathan Mason,2414.51,real-time,completed,2026-07-08 18:12:29.228372,0
TXN0244,Kayla Martin,Nathaniel Moore,2735.2,batch,completed,2026-07-12 09:39:53.873255,0
TXN0101,Kenneth Mcpherson,Kaitlin Wallace,3965.72,batch,completed,2026-07-01 09:19:27.353264,0
TXN0316,Karen Juarez,Justin Guerrero,1.0,real-time,completed,2026-07-04 05:58:37.804389,0
TXN0864,Christine Haynes,Lori Morris,2887.92,batch,completed,2026-07-26 13:29:27.714964,0
TXN0731,Amanda Robinson,Jacob Rogers,3697.24,batch,completed,2026-07-02 21:54:48.045697,0
TXN0543,Emily Howard,Mark Bell,2833.49,batch,completed,2026-07-16 17:02:42.696463,0
TXN0699,Sarah Martinez,Joanna Banks,1714.44,batch,completed,2026-07-01 19:56:53.315638,0
TXN0262,Matthew Mills,Mark Alexander,503.19,real-time,completed,2026-07-29 04:01:34.212312,0
TXN0625,Roberto Jordan,Patrick Morgan,46.47,batch,completed,2026-07-24 05:30:12.733157,0
TXN0466,Melissa Curtis,Jeremy Huffman,2169.7,batch,completed,2026-07-12 16:18:52.655340,0
TXN0196,Anthony Jennings,Aaron Willis,3206.31,batch,completed,2026-07-01 22:42:25.108567,0
FRD0020,David Cox,John Solis,12444.85,batch,completed,2026-07-18 02:10:00.000000,1
TXN0180,Lynn Anderson,Alexis Haney,1477.1,batch,completed,2026-07-14 14:48:15.237333,0
WKD0007,Sharon Hughes,Matthew Branch,11803.22,batch,completed,2026-07-12 16:00:00.000000,1
MIS0008,Jamie Haley,Lance Carey,2974.06,batch,completed,2026-07-25 23:03:00.000000,1
TXN0770,David Koch,Brad Miller,1418.84,batch,completed,2026-07-01 17:12:12.115610,0
TXN0785,Amber Brown,Crystal Brown,2206.25,real-time,completed,2026-07-06 11:13:49.659391,0
TXN0481,Brian Cox,Debbie Phelps,124.66,real-time,completed,2026-07-02 03:39:38.324829,0
TXN0613,Michael Rogers,Debra Huang,6365.63,real-time,completed,2026-07-12 07:08:35.254694,0
TXN0500,Joshua Brandt,Daniel Rivera,4011.86,batch,completed,2026-07-03 21:41:31.282628,0
STR0012,Tyrone Wilson,Alexander Robinson,906.55,real-time,completed,2026-07-15 14:12:00.000000,1
TXN0764,Jessica White,Crystal Tucker,2831.8,batch,completed,2026-07-11 21:53:06.708224,0
TXN0456,Amy Smith,Kevin Thornton,907.87,batch,completed,2026-07-04 09:11:21.177721,0
TXN0406,Danielle Mcgee,Cindy Larson,3482.6,batch,completed,2026-07-04 12:19:43.412380,0
TXN0657,Ashley Mcguire,Jason Robinson,2286.08,batch,completed,2026-07-06 23:08:38.243353,0
TXN0663,James Mcintosh,Joseph Mcfarland,2699.78,batch,completed,2026-07-12 17:02:33.037912,0
TXN0286,Bridget Johnson,Joshua Bird,3586.62,batch,completed,2026-07-25 18:17:36.468185,0
TXN0321,Patrick Hines,Craig Jenkins,2335.03,real-time,completed,2026-07-05 03:26:10.251947,0
TXN0703,Alicia Sanders,Mary Cox,3577.12,real-time,completed,2026-07-30 06:04:52.805373,0
TXN0248,Richard Anderson,Monica Burke,2663.76,real-time,failed,2026-07-23 16:35:13.658108,0
TXN0587,Michael Robinson,Walter Kelly,3542.66,batch,completed,2026-07-24 00:39:35.944063,0
TXN0104,Brent Stark,Jennifer Mooney,444.05,real-time,completed,2026-07-10 09:35:18.676474,0
TXN0348,Dawn Mcguire,Robert Smith,1.0,batch,completed,2026-07-25 12:15:41.867296,0
VEL0012,Randy Mann,Lisa Smith,530.28,real-time,completed,2026-07-20 03:22:00.000000,1
TXN0930,Heather Jordan,Kelly Johnson,248.58,real-time,completed,2026-07-27 09:43:38.958734,0
TXN0542,Joshua Martin,Judy Brewer,2031.91,batch,completed,2026-07-06 10:10:57.172648,0
DUP0003,Steven Brown,Jesse Downs,3236.58,batch,completed,2026-07-19 17:29:34.702284,1
TXN0400,John Ward,Andrew Tran,1621.95,batch,completed,2026-07-15 18:23:19.183840,0
TXN0712,Bobby Acevedo,Michael Richardson,1404.33,batch,completed,2026-07-08 13:03:52.833875,0
TXN0055,Megan Conner,Joyce Parker,6559.67,real-time,completed,2026-07-20 17:56:00.966676,0
TXN0446,John Munoz,Michael Watson,1732.21,real-time,completed,2026-07-18 03:22:47.635802,0
DUP0008,Stephanie Brady,Martha Hutchinson,2402.46,batch,completed,2026-07-08 00:39:16.400801,1
TXN0790,Terry Bowen,Tim Kelly,2785.0,batch,completed,2026-07-04 18:16:48.311615,0
TXN0781,Michael Jones,Kevin King,3252.18,batch,completed,2026-07-19 03:52:29.253751,0
TXN0775,Raymond Mcmahon,Sara Valencia,3145.38,batch,completed,2026-07-03 03:47:59.147794,0
TXN0477,Nina Snyder,Cynthia Scott,1908.85,batch,completed,2026-07-21 03:18:37.393843,0
TXN0453,Caleb Ruiz,Julie Parsons,1428.06,batch,completed,2026-07-13 01:28:38.149892,0
TXN0548,Brandy Crane,Robert Jordan,2942.33,batch,completed,2026-07-10 00:43:12.292152,0
TXN0442,Mr. Mark Whitehead,Paige Yu,2517.01,batch,completed,2026-07-13 02:09:00.802108,0
TXN0264,Angela Robinson,Michael Roberts,1.0,real-time,completed,2026-07-25 03:35:00.465253,0
FCM0004,Mary Clarke,Kimberly Smith,2871.33,batch,completed,2026-07-25 17:00:00.000000,1
TXN0471,Tracy Wilson,Richard Collins,1290.53,real-time,completed,2026-07-18 19:54:11.573211,0
TXN0354,Martha Ewing,Bruce Terry,6032.4,batch,pending,2026-07-27 19:45:59.190574,0
TXN0209,Jeffrey Harrison,Justin Strickland,885.82,batch,completed,2026-07-27 14:31:04.374131,0
TXN0939,Meagan Green,Tina Flynn,1666.34,batch,completed,2026-07-08 04:34:26.020247,0
DUP0007,Rodney Tanner,Michael Harris,2395.66,real-time,completed,2026-07-30 08:29:36.611632,1
TXN0342,Audrey Hill,Jessica Marsh,4652.76,batch,completed,2026-07-30 01:00:06.345430,0
TXN0259,Grant Brown,Tracy Wilson,3254.02,batch,completed,2026-07-17 03:55:23.233866,0
TXN0058,Anna Knight,Richard Gonzales,2266.19,batch,completed,2026-07-18 23:30:32.481971,0
TXN0753,Adam Haynes,Gina Bell,2465.79,batch,completed,2026-07-23 14:06:24.048036,0
TXN0067,Donald White,William Horne,3573.78,batch,completed,2026-07-18 02:22:43.207463,0
TXN0992,Todd Mcdonald,Laurie Blankenship,3867.76,batch,failed,2026-07-21 23:59:46.799823,0
TXN0230,Randy Nelson,Drew Ashley,2692.21,real-time,completed,2026-07-30 00:37:38.823756,0
TXN0149,William Gonzalez,Cody Williamson,3441.32,batch,completed,2026-07-28 14:09:54.907983,0
TXN0976,Karen Clark,Allison Hughes,1957.24,real-time,completed,2026-07-11 02:00:41.189151,0
TXN0686,Katherine Franklin,Joshua Perry,3108.3,real-time,completed,2026-07-20 13:32:44.254727,0
TXN0823,Lisa Moore,Sarah Evans,4654.43,real-time,completed,2026-07-03 07:59:25.237046,0
TXN0795,Michael Bradley,Jose Baldwin,1842.6,real-time,completed,2026-07-26 15:33:04.417241,0
TXN0624,Rebecca Mercado,Brandi Hamilton,2490.01,batch,completed,2026-07-04 07:24:37.214143,0
TXN0425,Andrea Herrera,Jimmy Foster,2835.28,batch,completed,2026-07-07 09:23:23.085652,0
TXN0070,Lindsay Hawkins,Brittney Palmer,1692.34,real-time,completed,2026-07-01 06:47:42.764819,0
TXN0593,Richard Green,Shane Williams,2508.25,batch,completed,2026-07-12 01:37:28.831550,0
TXN0073,Paula Campbell,Paul West,4438.33,real-time,completed,2026-07-11 13:43:45.678180,0
TXN0973,Alan Hanson,Anthony Mata,334.62,batch,completed,2026-07-03 18:23:59.384732,0
TXN0677,Tonya Hicks,Natalie Ramos,1.0,real-time,completed,2026-07-28 18:45:16.681662,0
TXN0730,Jeff Mcneil,Debra Nelson,1.0,batch,failed,2026-07-23 11:46:07.351635,0
TXN0996,Charles Gray,Nathan Miller,2056.96,batch,completed,2026-07-07 03:28:54.976739,0
RND0007,Diane Smith,Sarah Mccann,10000.0,real-time,completed,2026-07-17 14:07:00.000000,1
TXN0724,Jennifer Moore,Nancy Cummings,1863.93,real-time,completed,2026-07-07 17:40:21.962020,0
TXN0788,Linda Hubbard,Maria Pineda,1183.44,batch,completed,2026-07-11 10:07:17.445419,0
STR0009,Tyrone Wilson,Alexander Robinson,981.36,real-time,completed,2026-07-15 14:09:00.000000,1
TXN0846,Megan Vaughn,Alexandra Miranda,2111.8,batch,completed,2026-07-10 20:57:45.768501,0
TXN0302,Scott Howard,John Black,2506.38,real-time,completed,2026-07-21 08:27:13.841594,0
TXN0280,Patrick Campbell,Daniel Smith,1777.07,batch,completed,2026-07-02 08:30:50.393025,0
TXN0678,Marcus Price,Dr. Jim Friedman,2108.18,batch,completed,2026-07-23 17:14:10.889512,0
TXN0879,Jennifer Carroll,Stephanie Harper,957.5,batch,completed,2026-07-21 04:15:38.385842,0
TXN0374,Judy James,Bryan Morgan,1720.79,real-time,completed,2026-07-25 13:03:46.409491,0
TXN0554,John Banks,Kimberly Rodriguez,3453.4,batch,completed,2026-07-11 18:49:37.661197,0
TXN0597,Adam Stout,Taylor Ramirez,4304.98,batch,completed,2026-07-28 00:36:06.784616,0
FRD0002,Donna Wheeler,Joseph Collier DVM,9562.48,batch,completed,2026-07-24 01:43:00.000000,1
TXN0320,Jimmy Branch,Michael Allen,4476.86,batch,completed,2026-07-10 13:50:16.255361,0
TXN0254,Laura Franklin,Jon Sanders,738.47,batch,completed,2026-07-11 18:36:40.689224,0
TXN0441,Joshua Patterson,Amber Foster,3674.12,batch,completed,2026-07-18 21:35:32.066347,0
TXN0509,Kathy Dixon,Crystal Gonzales,506.68,batch,completed,2026-07-22 22:00:42.208340,0
TXN0077,Kristen Snyder,Stephanie Martin,3269.93,batch,completed,2026-07-06 08:29:12.176831,0
TXN0590,Charles King,Brianna Miller,1341.24,batch,completed,2026-07-27 08:13:04.900784,0
TXN0523,Jennifer Hoover,Julia Reyes,2738.78,batch,completed,2026-07-19 05:06:20.826960,0
TXN0160,Mark Bennett,Colin Hansen,2979.24,real-time,completed,2026-07-22 08:52:57.275080,0
FCM0006,Melanie Bailey MD,Michele Pierce,4532.26,batch,completed,2026-07-17 19:08:00.000000,1
TXN0419,Kristina Black,Robert Hurst,5387.35,real-time,completed,2026-07-01 14:13:28.213405,0
TXN0432,Amy Smith,Todd Castro,2014.04,real-time,completed,2026-07-05 08:25:52.601981,0
TXN0226,Derek Wood,Tracy Smith,3243.52,batch,completed,2026-07-04 09:09:22.651415,0
TXN0667,Ryan Patel,Jennifer Dean,975.24,real-time,completed,2026-07-28 17:40:13.620800,0
TXN0483,Arthur Hogan,Sean Farley,2398.52,batch,completed,2026-07-23 23:59:12.021499,0
TXN0561,Ashley Mccoy,Diana Young,1958.48,batch,completed,2026-07-12 13:37:41.201834,0
TXN0581,Kelly Hodge,James Gonzalez,2227.97,batch,completed,2026-07-26 12:34:52.414689,0
TXN0826,Ricardo Hawkins,Andrew Nguyen,4953.99,real-time,completed,2026-07-03 12:22:59.381200,0
TXN0439,Tanner Underwood,Thomas Lewis,2977.3,batch,completed,2026-07-03 10:12:15.366779,0
TXN0146,Nicole Bryant,Samantha Wyatt,3993.76,real-time,completed,2026-07-13 11:09:41.106972,0
TXN0202,Amy Freeman,Allison Johnson,1568.94,real-time,completed,2026-07-14 15:33:53.849771,0
TXN0167,Kristi Klein,Nathan Turner,4985.88,batch,completed,2026-07-14 03:53:14.538206,0
TXN0060,Mary Hernandez,Brandon Davis,1835.91,real-time,completed,2026-07-10 23:30:29.174267,0
TXN0612,Margaret Robles,Frank Robertson,4368.96,batch,completed,2026-07-08 00:04:24.937715,0
TXN0531,Justin Harrison,Katherine Garcia,2593.26,batch,completed,2026-07-01 07:48:40.034087,0
TXN0050,Patricia Henry,Tammy Nelson,3398.81,real-time,completed,2026-07-21 02:43:46.163760,0
TXN0580,Alexis Smith,Jeffrey Martinez,3972.04,batch,completed,2026-07-26 07:44:24.898589,0
TXN0709,Joshua Davis,Benjamin Gilmore,2053.56,batch,completed,2026-07-10 21:53:14.681605,0
TXN0981,Evelyn Kim,Anita Barber,3056.54,batch,completed,2026-07-26 22:07:10.238452,0
TXN0049,Miranda Reyes,Charles Estrada,1017.21,batch,completed,2026-07-30 08:25:33.710783,0
TXN0955,Benjamin Houston,Eric Griffin,1667.92,batch,completed,2026-07-28 18:15:59.397018,0
RND0013,Anthony Powers,Dustin Stevens DVM,20000.0,batch,completed,2026-07-26 15:51:00.000000,1
TXN0933,Christopher Mccarty,Tonya Cruz,2093.95,batch,completed,2026-07-11 13:18:02.950219,0
TXN0633,Brandon Mahoney,Gary Lewis,939.22,real-time,completed,2026-07-14 09:19:32.550195,0
VEL0013,Randy Mann,Jordan Johnson,1032.73,real-time,completed,2026-07-20 03:24:00.000000,1
TXN0881,Morgan Torres,David Matthews,4054.64,batch,completed,2026-07-03 20:20:02.019667,0
VEL0006,Randy Mann,Jeffrey Cook,1510.78,real-time,completed,2026-07-20 03:10:00.000000,1
TXN0026,Robert Kim,Tami White,3898.33,real-time,completed,2026-07-06 01:28:28.331758,0
TXN0768,John Moore,Jeffrey Conway,3792.17,batch,completed,2026-07-29 07:36:38.262905,0
TXN0277,Michael Blair,Misty Hernandez,2894.97,batch,completed,2026-07-30 11:26:16.185646,0
TXN0118,Ashley Bush,Edwin Lewis,3412.14,batch,completed,2026-07-13 11:33:46.273135,0
TXN0692,James Cannon,Shelly Cervantes,348.1,batch,completed,2026-07-12 18:31:42.359928,0
TXN0559,Deborah Bailey,Kara Robinson,3789.88,batch,completed,2026-07-13 03:42:19.775017,0
TXN0362,Brenda Owens,William Henderson,5186.75,batch,completed,2026-07-13 11:46:49.466034,0
TXN0376,Howard Williams,Paul Vazquez,4769.13,batch,completed,2026-07-11 04:54:37.563240,0
TXN0172,Elizabeth Martinez,Heather Watson,4819.02,batch,completed,2026-07-17 16:26:10.566977,0
TXN0385,Jasmin Russell,Sarah Marquez,5165.45,batch,completed,2026-07-26 02:12:58.798654,0
TXN0452,Angela Dudley,Steven Booth,2048.55,real-time,completed,2026-07-24 12:29:43.495314,0
TXN0901,Mark Haley DVM,Chad Jarvis,2854.68,batch,completed,2026-07-09 05:24:46.882523,0
TXN0036,Christopher Lang,Jenny Ortiz,1951.14,batch,completed,2026-07-10 14:50:39.034926,0
TXN0917,Erik Smith,Kristin Weaver,2249.35,real-time,completed,2026-07-09 07:10:19.917130,0
FRD0016,Jonathon Hatfield,Zachary Alexander,9629.54,batch,completed,2026-07-04 04:17:00.000000,1
TXN0241,Michael Olson,David Brandt,2855.4,real-time,completed,2026-07-24 00:26:59.499897,0
TXN0986,Joseph Moore,Tommy Robinson,3914.64,real-time,completed,2026-07-17 07:01:42.906678,0
TXN0583,Selena Brown,Heather Hill,3135.79,batch,completed,2026-07-23 10:02:48.086890,0
TXN0759,Lauren Flynn,Justin Moore,4445.39,batch,completed,2026-07-10 05:17:49.222865,0
TXN0970,Tyler Bradley,Kathleen Hall,2486.36,real-time,completed,2026-07-29 11:35:26.641567,0
TXN0586,Valerie Carlson,Jacob Davis,2540.86,real-time,completed,2026-07-08 14:15:52.683970,0
TXN0108,Annette Flores,Tracey Martinez,1821.33,real-time,completed,2026-07-25 20:27:55.559467,0
TXN0351,Andrea Flores,Jessica Morris,5292.39,batch,completed,2026-07-02 16:58:23.381199,0
TXN0263,Jerry Fox,Linda Keller,1515.74,batch,completed,2026-07-29 23:13:41.439383,0
DUP0009,David Murphy,Amy Chambers,3831.62,real-time,completed,2026-07-27 01:37:28.249015,1
TXN0350,Jeffrey Howe,Elizabeth Smith,2101.33,batch,completed,2026-07-10 23:54:43.284494,0
TXN0875,Mary Moore,Kelly Suarez,3452.23,real-time,completed,2026-07-29 02:15:40.834452,0
MIS0002,Brittany Lawson,Samuel Curtis,4538.73,batch,completed,2026-07-21 23:29:00.000000,1
FRD0004,Sara Warren,Emily Dyer,10953.45,batch,completed,2026-07-01 01:13:00.000000,1
TXN0758,Tracy Wright DDS,Andrew Diaz,3469.76,batch,completed,2026-07-04 04:57:46.105733,0
TXN0991,Keith Graham,Janet Jackson,3367.41,batch,completed,2026-07-13 07:54:43.512578,0
TXN0658,David Massey,Robert Olson,1.0,batch,completed,2026-07-02 00:49:13.108860,0
TXN0670,Patricia Sanchez,Edward Kennedy,1839.46,real-time,completed,2026-07-17 03:18:54.794981,0
TXN0949,Nicole Smith,Austin Romero,2865.36,batch,completed,2026-07-30 00:52:31.127595,0
STR0013,Tyrone Wilson,Alexander Robinson,990.4,real-time,completed,2026-07-15 14:13:00.000000,1
TXN0144,Barry Key,Christina Chavez,4204.31,real-time,completed,2026-07-08 03:07:56.028620,0
TXN0782,Erik Clarke,Diane Wood,5027.9,real-time,completed,2026-07-25 03:22:11.097350,0
TXN0736,Christopher Sanchez,Timothy Price,799.08,batch,completed,2026-07-01 00:38:08.820082,0
TXN0852,Robert Jacobs,Stephanie Hamilton,633.24,real-time,completed,2026-07-18 21:08:23.665953,0
TXN0798,Tommy Berg,Spencer Taylor,2849.42,real-time,completed,2026-07-17 15:39:25.048520,0
TXN0539,Matthew Graves,Kimberly Henry,2622.88,batch,completed,2026-07-21 21:44:02.433783,0
TXN0751,Shelby Wiggins,Megan Burke,1850.88,batch,completed,2026-07-08 14:11:33.497691,0
TXN0564,Reginald Meyer,Joan Rose,1383.53,real-time,completed,2026-07-20 08:17:38.417966,0
TXN0373,Tracey Smith,Dustin Williams,2000.05,batch,completed,2026-07-17 18:56:42.247011,0
TXN0847,Patricia Burton,Kevin Rogers,3559.99,batch,completed,2026-07-29 23:27:45.424986,0
TXN0470,Rachel Wright,Elizabeth Powers,2012.44,real-time,completed,2026-07-24 15:10:17.611618,0
TXN0141,Tamara Miller,Timothy Norman,5809.07,batch,completed,2026-07-10 16:43:05.248043,0
TXN0937,Miss Cassidy Porter,Billy Lee,2216.66,batch,completed,2026-07-18 03:32:43.865879,0
TXN0051,Anthony Page,Jessica Howard,538.66,batch,completed,2026-07-11 18:15:38.095665,0
TXN0399,Mrs. Erin York MD,Stephen Hudson,2885.45,batch,completed,2026-07-12 20:31:00.991850,0
TXN0124,Dale Joseph,Jonathan Benson,2807.68,real-time,completed,2026-07-01 03:26:56.622847,0
TXN0952,Barbara Norris,Jeffrey Williams,2647.13,real-time,completed,2026-07-25 22:28:54.905210,0
TXN0962,Lori Berger,Tanner Lopez,2508.79,batch,completed,2026-07-10 16:02:20.891496,0
TXN0619,Travis Torres,Shannon Horn,223.95,batch,completed,2026-07-15 01:18:42.441550,0
TXN0407,Melissa Key,Edward Munoz,1529.34,batch,completed,2026-07-20 11:15:43.431446,0
TXN0927,Zachary Richards,Lisa Morrow,1118.78,real-time,completed,2026-07-19 03:58:27.606057,0
TXN0787,Ariel Barron,Willie Butler,2084.93,batch,completed,2026-07-02 22:35:25.405932,0
TXN0975,Charlene Rivas,Kristen Miller,6131.91,batch,completed,2026-07-03 05:11:42.847500,0
TXN0498,Steven Nunez,David Smith,2902.18,batch,completed,2026-07-01 07:13:14.380233,0
TXN0326,Tammy Smith,Joseph Peters,4051.57,real-time,completed,2026-07-03 07:49:40.154731,0
TXN0343,Alex Bennett,Dennis Williams,3353.81,batch,completed,2026-07-16 18:48:26.885642,0
TXN0043,Amber Pearson,Donald Schwartz,2634.5,batch,completed,2026-07-03 14:05:03.803413,0
TXN0300,Stacey Mcdaniel,Patty Lopez,1541.02,batch,completed,2026-07-24 21:02:08.275684,0
FRD0019,Tony Hobbs,Ann Cruz,14556.58,batch,completed,2026-07-21 01:38:00.000000,1
TXN0772,Justin Livingston,Andrew Smith,186.25,batch,completed,2026-07-16 06:27:27.642892,0
TXN0870,Danielle Powell,Maria Gonzalez,1644.69,batch,completed,2026-07-13 11:58:06.195580,0
TXN0830,Richard James,Alexander Perry,425.31,batch,completed,2026-07-26 17:40:02.641417,0
TXN0665,Laura Thomas MD,Paul Love,1433.3,batch,completed,2026-07-20 23:17:11.699802,0
TXN0154,Jessica Smith,Victoria Hill,293.18,real-time,completed,2026-07-16 18:05:39.930490,0
TXN0221,Jennifer Hooper,Sydney Lloyd DDS,3020.35,batch,completed,2026-07-28 17:48:49.096162,0
TXN0629,Cynthia Anderson,Ashley Nelson,2930.2,real-time,completed,2026-07-02 21:45:08.273234,0
TXN0747,Shane Welch,Christina Doyle,1546.78,real-time,completed,2026-07-11 14:38:30.480399,0
TXN0450,David Mccarthy,Lauren Dixon,4488.68,real-time,completed,2026-07-04 00:14:50.954400,0
TXN0328,Michelle Drake,Shawn Gray,5772.12,batch,completed,2026-07-02 13:54:16.411295,0
TXN0085,Kyle Hutchinson,Anna Mccormick,1535.86,real-time,completed,2026-07-07 12:57:35.924639,0
TXN0003,Mrs. Christina Johnson,Matthew Nguyen,3480.79,batch,completed,2026-07-03 09:08:23.761813,0
TXN0622,Adam Santiago,Teresa Burns,2851.65,batch,completed,2026-07-06 16:04:10.067738,0
TXN0267,Yvette Mitchell,Darius Chandler,5604.02,real-time,completed,2026-07-17 04:48:24.165053,0
TXN0920,Timothy Parks,Christopher Barnes,3111.5,real-time,completed,2026-07-08 10:48:14.329307,0
TXN0291,Michael Smith,Paul Lopez,467.16,batch,completed,2026-07-08 14:30:58.457471,0
TXN0856,Julie Brown,Elizabeth Thomas,4419.73,real-time,completed,2026-07-03 20:47:15.865357,0
DUP0004,Derrick Phillips,Melissa Abbott,849.41,batch,completed,2026-07-03 12:24:18.241234,1
TXN0417,Patrick Miller,Daryl Atkins DVM,1923.74,batch,completed,2026-07-08 07:16:16.671203,0
TXN0473,Cody Goodwin,Jonathan Ortiz,1662.41,batch,completed,2026-07-22 02:59:40.524985,0
TXN0876,Heather Mendoza,Brittany Schultz,1908.73,batch,completed,2026-07-10 04:38:54.932163,0
STR0015,Tyrone Wilson,Alexander Robinson,971.07,real-time,completed,2026-07-15 14:15:00.000000,1
TXN0711,Nicole Davis,Mariah Hansen,4821.32,batch,completed,2026-07-17 04:07:51.641143,0
TXN0076,Brandon Thomas,Gina Novak,2980.84,batch,completed,2026-07-28 03:33:52.685283,0
TXN0065,Joanna Walters,Eric Novak,2090.24,real-time,completed,2026-07-10 15:43:33.630004,0
TXN0655,Annette Dean,Gary Stevenson,1913.04,real-time,completed,2026-07-11 11:40:25.463147,0
TXN0968,Jennifer Cox,Megan Martinez,637.42,batch,completed,2026-07-30 14:00:40.331180,0
TXN0601,Christina Boyer,Kelly Sullivan,2408.44,batch,completed,2026-07-23 06:33:26.463194,0
VEL0007,Randy Mann,David Marsh,1641.07,real-time,completed,2026-07-20 03:12:00.000000,1
TXN0344,Brenda Tucker,Aaron Moore,4017.48,batch,completed,2026-07-05 08:12:21.947102,0
TXN0641,Donald Little,Pamela Garcia,4743.9,batch,completed,2026-07-13 07:24:51.960511,0
TXN0331,Paul Curry,John Butler,1887.31,real-time,completed,2026-07-18 19:53:37.771173,0
TXN0365,John White,Elizabeth Owen,878.65,real-time,completed,2026-07-10 15:13:38.558388,0
TXN0279,Grant Riggs,Debbie Russo,5248.76,batch,completed,2026-07-01 02:33:40.757153,0
FCM0003,Douglas Esparza,Christy Mitchell,2492.11,batch,completed,2026-07-05 19:29:00.000000,1
TXN0993,Tammy Gonzalez,Amy Hill,1579.69,batch,completed,2026-07-28 04:39:50.862679,0
TXN0482,Amber Escobar,James Larson,3087.66,batch,completed,2026-07-02 08:21:46.791441,0
TXN0454,Matthew Molina,Jonathan Torres,2353.0,real-time,completed,2026-07-20 15:20:39.848074,0
TXN0019,Loretta Benitez,Rebecca Holt,3326.96,real-time,completed,2026-07-07 08:42:00.468098,0
TXN0614,Tiffany Ingram,Margaret Rivera,1804.89,batch,completed,2026-07-01 14:13:52.280332,0
TXN0644,Brenda Weaver,Kimberly Walls,2612.96,real-time,completed,2026-07-03 05:36:46.936717,0
TXN0494,Rebecca Thomas,Maria Herrera,1190.25,batch,completed,2026-07-24 15:39:45.349751,0
RND0002,Ronald Flores,Brittany Hodge,10000.0,real-time,completed,2026-07-08 01:15:00.000000,1
TXN0906,Amy Hoover,Angela Davis,2742.5,batch,completed,2026-07-18 18:07:33.670654,0
TXN0610,Justin Terry,Craig Harris,2086.7,batch,completed,2026-07-07 17:29:27.556535,0
TXN0324,Helen Vega,William Wilson,2793.35,batch,completed,2026-07-15 01:27:50.784003,0
TXN0489,Heather Roberts,Christopher Delgado,3355.05,batch,completed,2026-07-11 09:07:58.342836,0
TXN0967,Joseph Burns,Daniel Munoz,1.0,batch,failed,2026-07-25 23:34:06.293521,0
MIS0007,Matthew Holt,Brian Snyder,4989.3,batch,completed,2026-07-05 23:32:00.000000,1
TXN0835,Michael Mccarty,Kevin Walker,1495.16,batch,completed,2026-07-16 21:45:42.823196,0
TXN0765,Mr. Marc Meadows,Eric Phillips,3579.67,batch,completed,2026-07-01 04:56:29.505549,0
TXN0688,Jason Ramos,Michael Castaneda,1807.67,batch,completed,2026-07-28 09:34:16.402735,0
TXN0089,Ashley Alvarez,Lisa Johnson,1590.47,real-time,completed,2026-07-26 07:36:49.276676,0
TXN0681,Brian Moore,Matthew Hendrix,2459.17,batch,completed,2026-07-24 21:42:58.404704,0
TXN0833,James Ryan,Fernando Johnson,793.61,batch,completed,2026-07-26 06:50:42.564275,0
TXN0585,Kathy Stevens,Miss Natasha Hamilton MD,1063.25,real-time,completed,2026-07-20 10:27:53.485673,0
TXN0575,Maria Franklin,Breanna Houston,2904.31,batch,completed,2026-07-04 21:46:39.442053,0
TXN0704,Sylvia Taylor,Matthew Brennan,2216.78,batch,completed,2026-07-16 14:04:25.565425,0
TXN0220,Joseph Hall,Traci Lopez,2304.11,batch,completed,2026-07-10 08:21:29.850288,0
TXN0602,Roger Logan,Antonio Rollins,2294.33,batch,completed,2026-07-16 12:57:50.793052,0
TXN0872,Kyle Hull,Dylan Jones,2284.72,batch,completed,2026-07-09 20:04:12.312001,0
TXN0069,Kevin Griffin,Kelly Porter,6393.14,real-time,completed,2026-07-14 15:13:29.447634,0
TXN0304,Justin Brown,Joseph Davis,2523.26,real-time,completed,2026-07-12 04:21:53.453326,0
TXN0053,Derek Rocha,Bonnie Hernandez,5235.45,batch,completed,2026-07-14 04:12:20.871175,0
TXN0654,Logan Gonzalez,Kimberly Rose,2569.24,real-time,pending,2026-07-27 02:12:49.217298,0
TXN0883,Christopher Lopez,Linda Hurley,2028.23,batch,completed,2026-07-17 12:09:31.343872,0
FRD0006,Angela Stephens,Douglas Munoz,9391.86,batch,completed,2026-07-21 04:14:00.000000,1
TXN0840,Amanda Christensen,Sandra Lawson,4494.69,real-time,completed,2026-07-20 12:29:40.367938,0
TXN0345,Richard Shaw,Brittany Schwartz,600.64,real-time,completed,2026-07-15 09:51:28.577085,0
WKD0008,Arthur Wolfe,Riley Strong,11388.39,batch,completed,2026-07-19 18:00:00.000000,1
TXN0744,Veronica Wilcox,James Figueroa,3073.69,real-time,completed,2026-07-28 12:36:20.509066,0
SWT0007,Stephanie Morris,Ronald Smith,1177.26,real-time,completed,2026-07-27 12:49:11.234520,1
TXN0648,Madeline Chen,Zachary Johnson,2935.06,batch,completed,2026-07-18 22:56:29.051972,0
TXN0538,Tony Gonzalez,Kyle Gomez,4315.96,batch,completed,2026-07-11 20:19:25.614419,0
TXN0897,Angel Sanchez,Eric Roman,1.0,batch,completed,2026-07-30 00:32:44.683260,0
TXN0114,Michele Day,Michael Morrison,1036.26,batch,completed,2026-07-24 11:35:18.549320,0
TXN0414,Kayla Olsen,Debra Edwards,1847.42,batch,completed,2026-07-07 14:03:33.529307,0
TXN0813,Heidi Collins,Gordon Porter PhD,2944.06,batch,completed,2026-07-01 19:27:17.086917,0
TXN0218,Dorothy Morris,Ashley Carr,2646.38,batch,completed,2026-07-19 11:27:03.619984,0
TXN0839,Debra Mccoy,Maria Clark,1815.96,real-time,completed,2026-07-28 00:43:52.120903,0
TXN0311,Donald Cross,Daniel Salazar,2997.81,batch,completed,2026-07-05 19:17:32.458307,0
TXN0193,Lauren Thomas,Jason Flores,3506.53,batch,completed,2026-07-14 21:23:28.658122,0
TXN0175,Cynthia Cole,Ashley Gonzalez,3734.31,batch,completed,2026-07-26 08:33:07.910636,0
TXN0086,Katherine Owens,Mrs. Sara Elliott,2295.06,batch,failed,2026-07-12 07:51:01.213770,0
TXN0814,Joshua Lawrence,Patrick Harrison,3636.23,batch,completed,2026-07-12 22:02:31.248224,0
TXN0517,Timothy Hull,John Beck,1247.71,batch,completed,2026-07-19 11:42:11.648067,0
TXN0358,Micheal Galloway,Mrs. Yolanda Erickson,4529.09,batch,completed,2026-07-17 13:12:14.729867,0
TXN0987,Amber Waters,Erika Adams,4461.91,batch,completed,2026-07-21 05:26:46.938110,0
TXN0669,Carolyn Carpenter,Lisa Reeves DDS,5060.78,batch,completed,2026-07-17 22:45:34.528959,0
TXN0868,Samantha Wolf,Caitlyn Rodriguez,2284.14,batch,completed,2026-07-18 12:21:06.828312,0
TXN0129,Amanda Friedman,Theresa Morgan,3418.07,batch,completed,2026-07-02 13:14:54.506663,0
TXN0341,Dana Bryant,Brandi Bell,3694.63,real-time,completed,2026-07-29 16:15:30.613288,0
TXN0008,Sarah Martin,Sarah Hansen,2014.69,real-time,completed,2026-07-18 07:51:20.669218,0
TXN0913,Robert James,Jason Baldwin,3201.23,batch,completed,2026-07-01 06:33:54.293786,0
TXN0746,Keith Paul,William Avery,4085.62,batch,completed,2026-07-03 10:41:02.232575,0
TXN0336,Tara Wilson,Alvin Solomon,2893.38,real-time,failed,2026-07-16 07:42:18.101876,0
TXN0308,Kyle Cummings,Kevin Johns,3028.01,batch,completed,2026-07-10 09:11:41.012152,0
TXN0638,Frank Moss,Brandy Mckee,2575.39,real-time,completed,2026-07-04 09:53:12.226571,0
TXN0384,Amy Baxter,Sandy Adams,854.85,real-time,completed,2026-07-22 02:49:12.590780,0
TXN0151,Blake Williams,Andrea Luna,1520.37,batch,completed,2026-07-03 18:01:45.695657,0
TXN0294,William Doyle,Brandon Bryant,290.94,batch,completed,2026-07-12 12:01:17.522491,0
STR0011,Tyrone Wilson,Alexander Robinson,939.72,real-time,completed,2026-07-15 14:11:00.000000,1
TXN0178,Stacy Cook,Casey Myers,1857.55,batch,completed,2026-07-27 19:39:43.119239,0
TXN0427,Mary Carter,Michele Jenkins,3225.55,batch,failed,2026-07-27 07:09:39.072109,0
TXN0495,Mary Love,Robert Jones,1276.51,batch,completed,2026-07-18 19:34:57.950818,0
TXN0184,Lori Franklin,Jay Ortiz,2267.9,real-time,completed,2026-07-16 09:34:23.442147,0
STR0006,Tyrone Wilson,Alexander Robinson,932.1,real-time,completed,2026-07-15 14:06:00.000000,1
FCM0002,Ms. Alicia Torres,Linda Reed,2455.74,batch,completed,2026-07-22 19:15:00.000000,1
TXN0185,William Sheppard,Peter Brown,4003.96,batch,completed,2026-07-07 22:46:47.254183,0
TXN0841,Nicholas Bryan,Debra Mullins,3069.84,real-time,completed,2026-07-25 15:07:09.279763,0
TXN0306,Adam Smith,Brent Wilson,2997.51,batch,completed,2026-07-08 16:35:47.088038,0
TXN0217,Jay Bradley,Christina Mooney,1540.36,batch,completed,2026-07-14 01:44:47.150446,0
TXN0126,Joshua Powell,Scott Jones,2821.1,batch,completed,2026-07-17 07:50:13.888997,0
TXN0811,Susan Walker,David Ramos,4381.2,real-time,completed,2026-07-13 07:33:27.504745,0
TXN0848,Donald Peters,Joseph Harris,4245.16,real-time,completed,2026-07-27 21:22:46.508081,0
TXN0216,Jennifer Harrell,Anthony Ruiz,2504.99,batch,completed,2026-07-01 15:26:58.224090,0
WKD0001,Kelly Dickerson,Peter Good,9174.86,batch,completed,2026-07-26 14:00:00.000000,1
VEL0014,Randy Mann,Laura Allen,1774.07,real-time,completed,2026-07-20 03:26:00.000000,1
GHT0013,Christopher Lee,Bobby Thompson,0.08,real-time,completed,2026-07-28 07:25:00.000000,1
TXN0490,Mrs. Meghan Hebert DDS,Mary Brown,4775.49,batch,completed,2026-07-07 07:16:46.157201,0
FRD0015,Clayton Lopez,Paige Jones,9595.29,batch,completed,2026-07-10 01:54:00.000000,1
VEL0008,Randy Mann,Lacey Faulkner,396.68,real-time,completed,2026-07-20 03:14:00.000000,1
TXN0691,Carrie Brown,Jason Kramer,1561.51,batch,completed,2026-07-25 08:56:49.027240,0
TXN0161,Jesus Rice,Henry Richardson,1693.74,batch,completed,2026-07-05 16:33:11.158222,0
TXN0984,Steven Bell,Joseph Carpenter,5360.72,batch,completed,2026-07-26 20:26:31.192780,0
TXN0757,Jack Lawrence,Melanie Hamilton,1516.46,batch,pending,2026-07-16 15:02:40.980834,0
TXN0485,Whitney Jenkins,Allison Roman,3908.27,batch,completed,2026-07-22 15:52:53.907799,0
TXN0198,Rebecca Hogan,Mary Sloan,4395.72,batch,completed,2026-07-29 02:01:47.449746,0
TXN0979,Ashley Holt,Keith Johnson,2254.25,real-time,completed,2026-07-20 16:13:52.870976,0
TXN0119,Terry Perry,Zachary Morales,2740.16,real-time,completed,2026-07-08 10:20:16.616940,0
TXN0001,Gary Schmidt,Corey Ortega,2652.59,real-time,completed,2026-07-04 14:56:02.934317,0
SWT0010,Kenneth Johnson,Jesse Taylor,1677.375,real-time,completed,2026-07-16 18:46:03.122547,1
TXN0282,Karen Glover,David Bender,2194.1,batch,completed,2026-07-18 18:07:26.056275,0
TXN0020,Jacob Owen,Virginia Brooks,557.53,batch,completed,2026-07-06 20:17:36.710960,0
TXN0912,Zachary Fox,Suzanne Kelly,4330.47,real-time,completed,2026-07-24 21:30:54.767425,0
TXN0511,Mark Ballard PhD,David Miller,2604.83,batch,completed,2026-07-04 06:18:42.216595,0
TXN0642,Erin Hart,Samantha Larson,2789.96,batch,completed,2026-07-07 08:37:04.417484,0
TXN0915,Katherine Wilson,Steven Pollard,1772.67,real-time,completed,2026-07-23 19:19:13.687005,0
STR0002,Tyrone Wilson,Alexander Robinson,926.72,real-time,completed,2026-07-15 14:02:00.000000,1
TXN0620,Jillian Barron DDS,Elizabeth Richards,2143.04,batch,completed,2026-07-10 02:17:11.912611,0
TXN0719,Mrs. Angela Cannon,Wesley Wells,3064.13,real-time,completed,2026-07-28 17:57:11.926450,0
TXN0367,Shelby Ross,Calvin Wright,4789.13,real-time,failed,2026-07-05 09:27:43.932308,0
TXN0156,Larry Harris,George Knight,3105.44,real-time,completed,2026-07-04 08:36:37.464401,0
TXN0824,Isaiah Graham,Alexandra Allen,2854.98,batch,completed,2026-07-20 20:00:26.684218,0
TXN0556,Jennifer Becker,Amanda Sellers,2628.75,real-time,completed,2026-07-17 11:18:10.786183,0
TXN0632,Devon Le,Debra Green,4498.48,batch,completed,2026-07-15 19:38:19.497508,0
TXN0497,Sylvia Meyer,Robert Tucker,1322.36,batch,completed,2026-07-04 21:48:09.806529,0
TXN0305,Sheila Martinez,Tiffany Spencer,853.72,batch,completed,2026-07-09 13:38:55.369203,0
TXN0165,Brittany Butler,Norma Miller,1167.95,batch,completed,2026-07-19 16:44:51.703532,0
TXN0204,Mr. Adam Esparza,Deborah Smith,2352.38,batch,completed,2026-07-29 14:19:07.841707,0
TXN0687,Matthew Hendrix,Oscar Wade,2358.13,real-time,completed,2026-07-03 16:18:18.262869,0
TXN0107,Rachel Gonzales,Kurt Key,5445.73,batch,completed,2026-07-13 13:35:04.286812,0
TXN0121,Jason Frey,Elizabeth Travis,1320.28,batch,completed,2026-07-09 15:32:06.992886,0
TXN0284,Kevin Howard,Karen Garner,79.85,batch,completed,2026-07-14 03:28:30.581912,0
TXN0576,Jeffrey Garcia,Megan Stewart,2188.42,batch,completed,2026-07-28 08:54:55.304771,0
TXN0313,Caitlyn Taylor,Gregg Doyle,1929.25,batch,completed,2026-07-24 20:02:15.922119,0
TXN0513,James Cook,Kristin Smith,4017.7,batch,completed,2026-07-04 05:11:38.934854,0
TXN0683,Stephanie House,Kylie Butler,1.0,real-time,completed,2026-07-23 18:34:32.303656,0
TXN0776,Jennifer Reynolds,Charles Turner,3717.78,batch,completed,2026-07-18 18:01:17.010517,0
TXN0276,Erica Ramirez DDS,Thomas Martinez,1406.29,batch,completed,2026-07-20 18:39:11.764447,0
TXN0133,Michael Ross,Deborah Watson,3029.44,batch,completed,2026-07-08 05:49:11.132566,0
TXN0257,William Martinez,Erica Hogan,2434.17,batch,completed,2026-07-27 12:13:22.576387,0
TXN0361,Leah Gomez,Loretta Mcdowell,3322.23,batch,completed,2026-07-18 19:41:38.486248,0
TXN0969,Jacob Lopez,Christine Martin,3725.07,batch,completed,2026-07-17 02:18:04.547247,0
TXN0844,Lisa Delgado,Jenny Sanchez,2909.15,batch,completed,2026-07-04 21:21:04.084063,0
TXN0778,Bridget Benson,Paige Hernandez,6076.05,batch,completed,2026-07-01 23:30:04.340586,0
TXN0605,Kimberly Jones,Robert Haas,2407.11,batch,completed,2026-07-12 12:26:30.076209,0
WKD0006,Mason Marshall,Heather Ramirez,6107.1,batch,completed,2026-07-05 12:00:00.000000,1
TXN0270,Matthew Walls,Shawn Edwards,883.47,batch,completed,2026-07-24 15:05:39.448921,0
TXN0630,Javier Austin,Tiffany Horton,3894.46,real-time,completed,2026-07-25 00:56:32.982191,0
TXN0707,Ashley Williams,Jacob Lamb,6857.45,batch,completed,2026-07-24 21:50:09.288877,0
TXN0010,Grace Cox,Kevin Walter,3302.9,batch,completed,2026-07-03 11:16:32.642496,0
RND0012,Mrs. Rachel Williams DDS,Timothy White,20000.0,batch,completed,2026-07-18 04:46:00.000000,1
TXN0287,Jose Alexander,David Webb,2677.51,batch,completed,2026-07-26 10:20:22.841617,0
GHT0014,Kelly Brewer,James Murillo,0.13,real-time,completed,2026-07-19 07:37:00.000000,1
GHT0009,Evan Waters,Robin Smith,0.55,real-time,completed,2026-07-24 10:03:00.000000,1
TXN0676,Casey Rodriguez,Larry Morris,3678.05,batch,completed,2026-07-01 04:18:32.413609,0
TXN0460,Daniel Koch,Angelica Taylor,4472.02,batch,completed,2026-07-15 04:57:42.218282,0
TXN0424,Robert Morales DDS,Andrea Vaughn,4325.93,batch,completed,2026-07-08 15:22:52.073599,0
TXN0449,Kara Chambers,Cole Blake,1616.54,batch,completed,2026-07-21 19:05:00.433156,0
TXN0261,Keith Love,Micheal Gibson,75.79,real-time,completed,2026-07-28 12:48:37.875303,0
TXN0229,Kim Owens,Robert Wiggins,5009.77,batch,completed,2026-07-13 07:34:35.858552,0
TXN0163,Mary Delgado,Susan Sims,5151.03,batch,completed,2026-07-23 09:27:04.757405,0
TXN0066,Patrick Suarez,Diana Thomas,3294.69,batch,completed,2026-07-22 13:04:45.744865,0
TXN0028,Alexandra Sanchez,Katie Hess,3284.43,batch,completed,2026-07-08 11:05:26.685662,0
TXN0857,Stephanie Weber,Robert Hernandez,41.13,real-time,completed,2026-07-12 11:43:05.861882,0
TXN0891,Amy Mora,Brian Garcia,5976.13,real-time,completed,2026-07-02 19:31:44.214479,0
TXN0145,Amy Beck,Paul Munoz,3491.02,batch,completed,2026-07-03 15:57:09.666620,0
TXN0838,Abigail David,Travis Williamson,2192.96,batch,completed,2026-07-15 00:29:21.225450,0
TXN0743,Kimberly Brennan,Erika Garcia,2463.34,real-time,completed,2026-07-09 11:18:42.505251,0
TXN0130,Amanda Orr,Johnny Willis,5010.19,batch,completed,2026-07-16 04:58:57.672596,0
GHT0012,William Gonzalez,Frank Atkins,0.09,real-time,completed,2026-07-06 02:38:00.000000,1
TXN0231,Jennifer Tucker,David Stafford,7210.03,batch,completed,2026-07-28 18:51:52.658874,0
TXN0504,Jay Miller,Sarah Welch,3765.69,batch,completed,2026-07-21 22:13:19.627839,0
FRD0018,Jacob Miller,Jillian Morgan,10591.27,batch,completed,2026-07-07 03:44:00.000000,1
TXN0623,Cheryl Henry,Sharon Trujillo DDS,1.0,batch,completed,2026-07-06 01:52:13.845901,0
TXN0381,Frank Roy,Gary Phillips,2751.26,batch,completed,2026-07-15 13:38:33.562803,0
TXN0828,Michael Delgado,Michael Garcia,3136.52,batch,completed,2026-07-27 00:44:16.052237,0
TXN0502,Mr. Corey Jackson,Amy Baxter,1330.25,batch,completed,2026-07-22 12:50:18.708579,0
TXN0318,Kevin Avila,Paul Gonzales,1761.83,real-time,completed,2026-07-06 22:11:54.288420,0
STR0005,Tyrone Wilson,Alexander Robinson,921.74,real-time,completed,2026-07-15 14:05:00.000000,1
TXN0837,Joann Jackson,Brian Carr,3693.68,real-time,completed,2026-07-13 10:00:17.474754,0
TXN0293,Henry Kim,Trevor Brown,2837.55,real-time,completed,2026-07-28 05:39:44.152639,0
TXN0375,Marco Moore,Jacqueline Smith,2843.5,batch,completed,2026-07-08 13:21:25.967121,0
MIS0010,Jennifer Hernandez,Michael Pitts,1639.93,batch,completed,2026-07-22 23:27:00.000000,1
TXN0334,Monica Cole,Lindsey Mathews,2100.43,batch,completed,2026-07-09 12:46:39.331878,0
TXN0526,Sarah Webb,Robyn Brown,2445.9,batch,completed,2026-07-24 02:51:03.059857,0
TXN0298,Julie Herrera,Paula Cooper,2379.2,real-time,completed,2026-07-20 11:20:09.481019,0
TXN0599,Douglas Baldwin,Jason Stone,3382.93,batch,completed,2026-07-29 18:49:22.691260,0
TXN0478,Paula Lewis,Randy Bush,780.61,batch,completed,2026-07-14 19:09:50.277691,0
TXN0752,Isabel Downs,Kimberly Johnson,4880.93,real-time,completed,2026-07-22 13:47:33.332371,0
TXN0100,Timothy Mccoy,Alan Miller,6750.05,batch,completed,2026-07-03 08:48:32.082334,0
GHT0001,James Morgan,Casey Anderson,0.02,real-time,completed,2026-07-03 07:10:00.000000,1
TXN0794,Kelli Hodge,Christopher King,5787.97,batch,completed,2026-07-26 06:53:24.695302,0
TXN0867,Caitlin Wagner,Robin Patel,4661.48,batch,completed,2026-07-04 13:43:54.206274,0
TXN0737,Kenneth Johnson,Jesse Taylor,1118.25,batch,completed,2026-07-16 18:46:03.122547,0
TXN0911,Carol Berg,William Callahan,1.0,batch,completed,2026-07-04 22:43:48.450645,0
GHT0015,Rickey Yoder,Andrew Washington,0.6,real-time,completed,2026-07-20 02:26:00.000000,1
TXN0552,Benjamin Martin,Christopher Mason,2177.89,batch,completed,2026-07-06 10:43:23.993731,0
TXN0530,Hunter Harvey,Christopher Long,2308.75,real-time,completed,2026-07-06 11:25:52.161359,0
TXN0237,Sara Hurst,Christopher Hart,4694.15,batch,completed,2026-07-15 16:40:20.567036,0
TXN0983,Dustin Davis,Daniel Parsons,1.0,real-time,completed,2026-07-01 01:28:23.135595,0
TXN0268,Mark Ramos,Gloria Mitchell,2175.2,batch,completed,2026-07-05 01:23:43.299196,0
TXN0637,Daniel Castillo,Christopher Mendoza,3771.62,batch,completed,2026-07-25 19:41:52.808986,0
TXN0246,Cheryl Nelson,Daniel Santana,526.41,real-time,completed,2026-07-09 12:07:08.106158,0
TXN0186,Joseph Smith,Jennifer Dunn,2636.49,batch,pending,2026-07-13 05:19:31.637006,0
TXN0371,Brittany Davidson,April Long,486.89,batch,completed,2026-07-20 15:34:20.420251,0
TXN0980,Jeffrey Wilson,Matthew Brown,2641.38,batch,completed,2026-07-12 12:54:08.499472,0
TXN0295,Christina Berger,Thomas Williams,3110.83,batch,completed,2026-07-12 18:54:12.065456,0
STR0007,Tyrone Wilson,Alexander Robinson,976.06,real-time,completed,2026-07-15 14:07:00.000000,1
TXN0932,Connor Gonzalez,David Wise,2254.32,real-time,completed,2026-07-14 18:48:52.878542,0
TXN0418,Michelle Friedman,Dawn Campbell,2563.48,batch,completed,2026-07-20 09:48:10.170579,0
TXN0335,Nicole Horton,Debra Miller,794.14,batch,completed,2026-07-18 02:18:52.170585,0
TXN0578,Vanessa Dixon,Eric Brown,2690.96,real-time,pending,2026-07-09 11:50:53.187228,0
TXN0740,Frank Bush,John Lee,3053.98,batch,completed,2026-07-19 01:31:05.320808,0
TXN0512,Dr. Mark Stanley,Tim Murphy,2162.32,real-time,completed,2026-07-15 10:06:05.913237,0
TXN0866,Donald Yates,Joseph Anderson,3552.03,batch,completed,2026-07-18 00:38:35.531157,0
RND0015,Billy Johnson,Pamela Ramirez,15000.0,real-time,completed,2026-07-14 13:29:00.000000,1
TXN0250,Nicholas Hancock,Kelly Rice,2923.58,batch,completed,2026-07-02 08:48:02.113527,0
TXN0420,Richard Schwartz,Sara Saunders,1162.4,batch,completed,2026-07-23 06:13:54.997242,0
TXN0617,Jean Wilson,Carol Lopez,1080.25,real-time,completed,2026-07-18 01:51:35.572253,0
TXN0608,Joseph Salas,Grace Gregory,3154.3,batch,completed,2026-07-23 20:55:21.073647,0
FCM0009,Tyler Malone,Bradley Snyder,7878.9,batch,completed,2026-07-26 17:42:00.000000,1
TXN0689,Susan Roberts,Toni Martin,1818.37,batch,completed,2026-07-03 14:54:59.726505,0
TXN0562,Lisa Jenkins,Eric Burton,2499.81,batch,completed,2026-07-21 01:05:08.932145,0
TXN0152,Marcus Paul,David Pena,1962.95,batch,completed,2026-07-05 17:26:41.408246,0
GHT0004,Sandra Coleman,Michele Singleton,0.01,real-time,completed,2026-07-13 08:59:00.000000,1
TXN0532,Robert Hill,Kenneth Daniels,4445.93,real-time,completed,2026-07-12 05:32:34.116947,0
TXN0382,Tyrone Oneal,William Cooper,4717.71,batch,completed,2026-07-23 14:34:51.260840,0
TXN0364,Stephanie Zavala,Maria Vaughn,2741.8,batch,completed,2026-07-20 01:15:35.807510,0
TXN0732,Robert Johnston,Adam Coleman,433.98,batch,completed,2026-07-14 07:58:56.222088,0
FCM0005,Shirley Smith,Charles Phillips,3937.14,batch,completed,2026-07-19 17:04:00.000000,1
TXN0805,Brent Howard,Ralph Stone,4708.74,batch,completed,2026-07-13 02:54:49.257228,0
TXN0404,Theresa Williams,Paul Davis,1438.17,batch,completed,2026-07-17 09:38:07.013008,0
TXN0024,Michael Williams,Jacqueline Jones,1408.74,batch,completed,2026-07-24 11:26:03.685413,0
TXN0957,Sharon Flores,Gary Davila,1.0,batch,completed,2026-07-30 13:28:41.594476,0
TXN0954,Robert Peters,Bryce Harris,1645.85,batch,completed,2026-07-27 23:01:30.937735,0
TXN0159,Karen Long,Karen Garza,4113.19,batch,completed,2026-07-06 03:49:08.627007,0
TXN0725,Todd Mitchell,Timothy Cook,3103.63,batch,completed,2026-07-17 03:24:48.131035,0
TXN0862,Kelly Day,Patrick James,2775.21,batch,completed,2026-07-24 22:45:52.859929,0
TXN0817,Kristy Bruce,Autumn Chase,4921.8,real-time,completed,2026-07-04 14:38:27.966195,0
TXN0332,David Oconnor,Cody Branch,1.0,batch,completed,2026-07-14 05:59:35.008160,0
TXN0903,Monica Lucas,Roger Baker,6215.61,batch,completed,2026-07-17 02:10:22.636840,0
TXN0353,Jillian Wright,Linda Nelson,2228.54,batch,completed,2026-07-19 01:51:37.011444,0
TXN0207,Daniel Fowler,Angel Collins,3864.08,real-time,completed,2026-07-06 16:51:05.561851,0
TXN0959,Gary Evans,Michele Glover,3314.3,batch,failed,2026-07-10 13:20:33.728408,0
TXN0950,Austin Byrd,Cheryl Webb,2955.68,batch,completed,2026-07-13 09:20:56.313167,0
TXN0093,Patrick Long,Michelle Swanson,5970.93,batch,completed,2026-07-13 19:05:03.316420,0
TXN0445,Stephanie Jefferson,Kelly Duffy,1184.73,real-time,completed,2026-07-11 21:44:20.920903,0
TXN0035,Colton Harris,Rhonda Carroll,1455.53,batch,completed,2026-07-23 22:49:16.584634,0
TXN0755,Jennifer Russell,Ryan Frost,1554.06,real-time,completed,2026-07-02 08:55:20.833744,0
WKD0003,Leah Davenport,Sandra Young,6759.9,batch,completed,2026-07-05 18:00:00.000000,1
TXN0924,Robert Stone,Walter Ortiz,3584.27,batch,completed,2026-07-13 15:03:02.009176,0
TXN0643,Christopher Cole,Dr. James Gonzales PhD,2456.36,real-time,completed,2026-07-06 04:33:45.902874,0
TXN0059,Theresa Wang,Jacqueline Jones,1843.78,real-time,completed,2026-07-27 00:03:39.426702,0
TXN0873,Kellie Paul,Charles Ingram,4357.11,batch,completed,2026-07-18 17:41:25.298981,0
TXN0312,Stacey Anderson,Bradley Bryant,641.42,real-time,completed,2026-07-11 05:46:54.075155,0
TXN0352,Stephanie Price,Russell Miranda,509.12,real-time,completed,2026-07-04 05:38:14.543858,0
TXN0549,Alejandro Norton,Joshua Larson,2316.78,batch,completed,2026-07-17 19:36:26.381546,0
TXN0662,Diane Smith,Mary Nunez,2111.24,batch,completed,2026-07-29 16:28:10.241511,0
TXN0723,Austin Bean,George Bradley,1.0,real-time,completed,2026-07-24 09:59:47.379920,0
TXN0914,Brittany Kelly,Alyssa Gonzalez,1039.86,batch,completed,2026-07-10 04:15:40.492376,0
TXN0966,Jason Kirby,Darryl Boyer,5605.63,batch,completed,2026-07-12 12:11:00.595454,0
TXN0594,Brent Summers,Dr. Austin Vasquez,2580.32,batch,completed,2026-07-02 02:30:01.910644,0
TXN0812,Natalie Allen,Robert Powell,1548.66,batch,completed,2026-07-29 22:40:10.328192,0
TXN0307,Amanda Ramos,Bryan Hughes,2013.88,real-time,completed,2026-07-05 20:13:03.351946,0
TXN0288,Denise Rivera,Terrance Soto,3044.81,batch,completed,2026-07-15 17:27:14.671543,0
TXN0695,Julie Ayala,Jerry Cervantes,3254.9,real-time,completed,2026-07-22 09:21:30.454215,0
TXN0309,Rachel White,Kevin Ramos,2943.71,batch,completed,2026-07-26 04:22:34.887172,0
TXN0631,Joseph Thompson,Erik Gould,877.24,batch,completed,2026-07-25 05:08:38.480897,0
TXN0733,Linda Wilson,Kevin Taylor,3498.71,batch,completed,2026-07-27 12:25:51.187553,0
TXN0904,Benjamin Wells,Lori Williams,4692.44,batch,completed,2026-07-24 01:48:26.123762,0
TXN0685,Edward Green,Jorge Gonzalez,3830.09,batch,completed,2026-07-02 12:50:08.887647,0
TXN0356,Andrew Jones,David Valdez,1634.58,real-time,completed,2026-07-30 07:34:55.534068,0
TXN0750,Mrs. Beverly Hill PhD,Tina Jenkins,6775.4,batch,completed,2026-07-01 09:36:51.264791,0
TXN0567,Ronald Simmons,Matthew Webb,2752.87,batch,completed,2026-07-03 05:32:27.190775,0
TXN0147,Michelle Hicks,Jennifer Ward,4361.34,batch,completed,2026-07-11 13:52:54.031141,0
SWT0004,Donald White,William Horne,5360.67,real-time,completed,2026-07-18 02:22:43.207463,1
TXN0243,Susan Abbott,Sharon Moore,1996.69,batch,completed,2026-07-20 16:26:54.345168,0
TXN0301,Philip Smith,Amanda Patrick,2313.19,batch,completed,2026-07-10 10:29:12.779674,0
TXN0537,Aaron Reyes,Curtis Fisher,1943.06,batch,completed,2026-07-03 04:14:18.927896,0
TXN0909,Ashley Cole,Patrick Moody,4788.01,real-time,pending,2026-07-01 17:35:16.779940,0
TXN0524,Dawn Marks,Renee Ellis,3885.51,batch,completed,2026-07-08 15:06:06.595881,0
TXN0087,Jennifer Stephens,Scott Walker,2547.33,real-time,completed,2026-07-29 10:14:04.435800,0
TXN0012,Laura Craig,Paul Pham,3294.4,batch,completed,2026-07-13 00:34:13.117930,0
VEL0002,Randy Mann,Tara Gamble,297.51,real-time,completed,2026-07-20 03:02:00.000000,1
TXN0978,Paul Davis,Daniel Beck,3980.43,batch,completed,2026-07-05 04:52:34.869165,0
TXN0971,David Powell,Brian Adams,3200.6,batch,completed,2026-07-26 09:58:17.411456,0
TXN0014,Thomas Harrison,Rachel Schneider,3797.82,batch,completed,2026-07-15 10:46:40.281032,0
TXN0874,Taylor Tanner,Harold Johns,4866.33,batch,completed,2026-07-24 20:19:28.081034,0
TXN0700,Lindsey Lee,Antonio Williams,657.51,batch,completed,2026-07-09 23:47:08.054210,0
TXN0809,Michele Hopkins,Patrick Andrews,3951.65,batch,completed,2026-07-27 04:05:12.429762,0
TXN0127,Rebecca Walker,Shelly Scott,649.08,batch,completed,2026-07-19 15:05:21.953014,0
TXN0515,Susan Hernandez,Jonathan Maxwell,1378.8,real-time,completed,2026-07-10 01:20:09.665881,0
TXN0895,Catherine Haynes,Bruce Chavez,3291.13,batch,completed,2026-07-06 13:50:25.451994,0
TXN0410,Brandon Armstrong,Angel Brown,1.0,batch,pending,2026-07-16 01:51:07.737017,0
TXN0022,Crystal Vang,Robert Hicks,4516.92,real-time,completed,2026-07-30 12:35:04.495262,0
TXN0900,Emily Mills,William Diaz,1.0,batch,completed,2026-07-01 18:42:20.809924,0
GHT0005,Veronica Washington,Evan Klein,0.79,real-time,completed,2026-07-15 09:27:00.000000,1
FCM0008,Jeremy Cortez,Daniel Thomas,2637.41,batch,completed,2026-07-15 19:39:00.000000,1
TXN0007,Lance Griffith,James Sparks,2467.6,batch,completed,2026-07-12 17:51:23.688889,0
TXN0383,Mark Price,James Rosales,1264.74,batch,completed,2026-07-07 13:05:50.147429,0
TXN0251,Amanda Perry,Joe Warren,3661.26,batch,pending,2026-07-15 17:05:39.983619,0
TXN0111,Steven Moore,Paul Wong,285.02,real-time,completed,2026-07-17 05:21:04.176187,0
TXN0716,Robert Lewis DDS,Michael Lewis,4634.31,batch,completed,2026-07-17 15:40:31.216166,0
TXN0553,Scott Stone,James Cooper,4252.06,batch,completed,2026-07-04 03:11:35.118332,0
TXN0223,Stephanie West,Evan Williams,3571.37,real-time,completed,2026-07-17 13:47:12.837071,0
TXN0774,Leah Jones,Rebecca Doyle,2923.35,batch,completed,2026-07-24 15:54:00.032596,0
TXN0009,James Davis PhD,Robert Chavez,1782.49,real-time,completed,2026-07-20 17:01:14.225184,0
TXN0635,James Harrison,Nicole Smith,4301.55,real-time,failed,2026-07-23 15:25:42.124679,0
TXN0317,Jennifer Rice,Colleen Arnold,1167.72,real-time,completed,2026-07-05 03:57:18.625715,0
TXN0428,Christopher Daugherty,Joanne Fry,3638.28,batch,completed,2026-07-29 17:11:34.825756,0
FCM0001,Kenneth Duran,Robert Moran,5430.3,batch,completed,2026-07-19 19:59:00.000000,1
TXN0106,Daniel Johnson,Jessica Soto,2639.22,batch,completed,2026-07-28 06:31:35.786694,0
TXN0994,Douglas Robinson,Amy Ross,1.0,batch,completed,2026-07-10 13:31:24.406223,0
TXN0143,Michael Sanders,William Jefferson,1608.41,real-time,completed,2026-07-01 17:48:45.351622,0
TXN0122,Tammy Allen,Heather Peterson,3114.73,batch,completed,2026-07-22 08:43:07.572733,0
TXN0090,Kathy Steele,Sharon Wilson,2839.99,batch,completed,2026-07-03 17:54:28.509522,0
TXN0871,Julie Mendez,Dustin Smith,2069.55,batch,completed,2026-07-11 08:21:33.122629,0
TXN0194,Wendy Parker,Wanda Padilla,4356.62,batch,completed,2026-07-28 10:52:58.518376,0
TXN0918,Matthew Richardson,Theodore Barr,3228.83,real-time,completed,2026-07-11 11:33:07.418894,0
TXN0116,Jordan Ortiz,Christina Tapia,865.22,batch,completed,2026-07-15 14:08:18.099359,0
TXN0589,Cathy Williams,Craig Hickman,1910.86,batch,completed,2026-07-25 14:00:19.437457,0
RND0003,Christopher Hill,Rachael Nelson MD,2000.0,batch,completed,2026-07-24 15:52:00.000000,1
TXN0225,Vanessa Sharp,Tony Smith,5966.97,real-time,completed,2026-07-28 02:01:52.685374,0
TXN0002,Angela Harris,Heather Washington,5067.76,batch,completed,2026-07-21 23:45:39.519863,0
TXN0242,Kellie Hart,Lori Aguilar,465.45,batch,completed,2026-07-30 09:00:55.200085,0
TXN0936,Joshua Johnson DDS,Michelle Lopez,2616.16,batch,completed,2026-07-30 14:03:15.935842,0
TXN0714,Valerie Wilson,Casey Miller,2648.32,real-time,pending,2026-07-29 16:29:52.036188,0
TXN0673,Angela Nguyen,Sarah Mathews,1.0,batch,completed,2026-07-12 20:36:01.740924,0
TXN0092,Kim Smith,Ryan Jackson,2517.02,batch,completed,2026-07-16 08:15:55.882998,0
TXN0592,David Gordon,Amy Kirby,675.66,batch,completed,2026-07-16 11:58:52.159465,0
TXN0889,Mark Berry,Victoria Chandler,3210.42,batch,completed,2026-07-01 11:01:48.000358,0
TXN0588,Terri Miller,Rebecca Graham,5167.27,batch,completed,2026-07-16 12:01:32.886814,0
TXN0401,Thomas Jones,Christina Goodman,739.98,real-time,completed,2026-07-20 10:43:20.803451,0
TXN0214,Regina Jones,Brandi Wilson,2455.46,batch,completed,2026-07-03 08:06:11.747929,0
TXN0779,Rebecca Nicholson,Logan Maxwell,2547.53,batch,completed,2026-07-15 20:52:47.844336,0
TXN0102,Linda Wagner,Christopher Vance,3893.91,batch,completed,2026-07-19 10:09:06.601972,0
TXN0801,Connor Jackson,Nicole Maddox,4474.88,batch,completed,2026-07-09 11:32:02.347374,0
TXN0729,Christopher Peterson,Eric Hampton,5766.1,real-time,completed,2026-07-18 06:44:16.672750,0
TXN0011,Cindy Mcgrath,Steve Gonzalez,2948.04,batch,completed,2026-07-12 08:49:27.141252,0
TXN0166,Alvin Cherry,Thomas Larson,6815.77,real-time,completed,2026-07-07 12:06:14.947453,0
TXN0607,Theresa Wood,Crystal Butler,1591.22,real-time,completed,2026-07-24 10:32:35.236416,0
TXN0338,Michele Lee,James Kelley,5102.56,batch,pending,2026-07-03 09:24:40.313981,0
TXN0274,Amy Moore,Kevin Thompson,922.53,batch,completed,2026-07-25 01:51:57.847967,0
TXN0072,Michael Ellison,James Downs,3471.74,batch,completed,2026-07-07 08:22:00.460573,0
TXN0721,Dylan Brown,Marvin Torres,3972.91,batch,completed,2026-07-07 23:51:30.791714,0
TXN0395,Stephanie Smith,Ariel Kennedy,2147.57,batch,completed,2026-07-07 02:57:48.572099,0
TXN0584,Mark Barnes,Ryan Fernandez,1568.71,real-time,completed,2026-07-21 14:34:36.847050,0
TXN0386,Ronald Harris,Annette Singleton,3887.96,batch,completed,2026-07-21 14:48:36.011228,0
TXN0117,Michael Wright,Joseph Bishop,4398.16,batch,completed,2026-07-08 20:30:05.784325,0
TXN0501,Stephen Lee,Mary Kane,2181.71,batch,failed,2026-07-17 20:05:31.418301,0
FRD0014,Nathan White,Katherine Coleman,9346.02,batch,completed,2026-07-03 01:42:00.000000,1
TXN0726,Javier Reyes,Tamara Montoya,212.27,batch,completed,2026-07-24 07:26:45.950626,0
TXN0956,Gloria Barnett,Phillip Ward,1.0,batch,completed,2026-07-29 11:16:00.133260,0
FRD0017,Scott Miller,Dawn Krause,11173.87,batch,completed,2026-07-27 03:10:00.000000,1
TXN0521,Gregory Odonnell,Dennis Graham,526.58,real-time,completed,2026-07-23 11:32:52.196872,0
TXN0455,Tracy Black,Alicia Nicholson,2539.59,batch,completed,2026-07-05 12:53:03.215539,0
TXN0206,Sean Jones,Megan Pruitt,3795.19,batch,completed,2026-07-04 17:30:01.447448,0
TXN0734,John Martinez,John Hunter,4086.49,batch,completed,2026-07-23 08:45:59.989468,0
TXN0527,James Brown,Fred Arnold,3796.72,real-time,completed,2026-07-24 01:23:21.818123,0
TXN0916,Mark Martinez,Michael Smith,988.98,batch,pending,2026-07-05 15:48:34.985893,0
TXN0899,Sarah Combs,Billy Dawson,4437.1,batch,completed,2026-07-09 22:43:05.820388,0
TXN0378,James Williams,Jake Krause,2475.22,real-time,completed,2026-07-25 09:38:51.445392,0
TXN0693,Stacey Gilbert,Monica Davis,2715.15,batch,completed,2026-07-24 04:38:16.250292,0
TXN0960,Cynthia Murray,Robert Blair,1952.39,batch,completed,2026-07-01 02:14:26.725577,0
TXN0349,Mrs. Lori Reed,Cheryl Osborne,3682.65,batch,completed,2026-07-13 17:20:27.418450,0
TXN0387,Rebecca Huber,Karen Vaughn,1166.0,batch,completed,2026-07-05 17:12:45.563625,0
TXN0199,John Coleman,Logan Harrington,2729.12,real-time,completed,2026-07-18 23:55:48.031129,0
MIS0006,Brittany Woods,Daryl Lynch,3334.13,batch,completed,2026-07-12 23:14:00.000000,1
TXN0591,William Trujillo,Noah Dunn,3734.92,batch,completed,2026-07-29 08:10:47.859984,0
TXN0520,Jennifer Ward,Stephen Spears,3911.71,batch,completed,2026-07-13 13:54:41.225002,0
TXN0985,Nichole Young,Craig Rogers,4027.44,batch,pending,2026-07-28 15:09:36.023394,0
TXN0430,Mark Garcia,Janice Murphy,3785.42,real-time,completed,2026-07-15 02:32:46.867155,0
VEL0004,Randy Mann,Ralph Rose,1363.12,real-time,completed,2026-07-20 03:06:00.000000,1
TXN0208,Paul Wang,Mary Ward,1794.9,real-time,completed,2026-07-16 22:35:32.604189,0
TXN0492,Jennifer Price,Cheryl Price,1200.96,real-time,completed,2026-07-03 23:29:07.202090,0
TXN0792,Edwin Robinson,Alexa Stafford,3828.02,real-time,completed,2026-07-25 20:01:28.621095,0
TXN0793,Monica Smith,Andrew Klein,1660.84,batch,completed,2026-07-28 01:54:47.157321,0
FRD0009,Caitlin Golden,Jane Vaughn,9945.1,batch,completed,2026-07-07 03:06:00.000000,1
TXN0934,Jacob Duncan,Mark Montgomery,2951.59,batch,completed,2026-07-12 01:10:50.442059,0
FCM0007,Benjamin Sanders,Meredith Mcdaniel,7499.45,batch,completed,2026-07-03 18:23:00.000000,1
TXN0084,Brian Jenkins,Jennifer Miller,636.42,batch,completed,2026-07-25 08:05:44.991832,0
TXN0869,Robert Carroll,Jeffrey Murray,868.45,real-time,completed,2026-07-25 19:32:32.590986,0
TXN0303,John Willis,David Williams,1.0,batch,completed,2026-07-25 14:52:08.434710,0
TXN0021,Dr. Gerald Coleman,Jennifer Hickman,2064.02,batch,completed,2026-07-14 02:34:11.899112,0
TXN0989,Alfred Crawford,Maria Morgan,4295.6,batch,completed,2026-07-07 17:07:43.154426,0
TXN0748,Tammy Rodriguez,Robert Baker,2374.18,real-time,completed,2026-07-16 11:58:03.432873,0
TXN0849,Stephanie Martinez,Kevin Gonzalez,2904.73,batch,completed,2026-07-03 19:54:29.938276,0
MIS0001,Anthony Gillespie,Jonathan Livingston,1850.51,batch,completed,2026-07-16 23:25:00.000000,1
GHT0008,James Garrett,George Herman,0.23,real-time,completed,2026-07-02 18:47:00.000000,1
TXN0974,Jeffrey Oconnor,Luis Tran,523.91,batch,completed,2026-07-26 02:05:13.230840,0
TXN0884,Sandra Jones,Michelle Lucero,1781.12,batch,completed,2026-07-13 09:31:11.669623,0
VEL0019,Randy Mann,Sarah Harper,1373.86,real-time,completed,2026-07-20 03:36:00.000000,1
TXN0157,Angelica Henry,Melody Dennis,1022.18,batch,completed,2026-07-02 22:40:25.766296,0
TXN0797,Tommy Malone,David Fisher,938.89,real-time,completed,2026-07-01 11:48:53.083038,0
TXN0887,Nancy Wheeler,Melissa Morris,2951.18,batch,completed,2026-07-05 08:42:43.984343,0
TXN0039,Amanda Miller,Melissa Morris,2117.91,batch,completed,2026-07-18 08:29:55.958182,0
TXN0397,Stephen Bailey,Andrew Castaneda,4280.98,real-time,completed,2026-07-15 16:18:26.264315,0
SWT0008,Brittany Cox,David Woodard,3931.38,real-time,completed,2026-07-30 03:52:00.271393,1
TXN0516,Jeffrey Farmer,Laura Moore,1363.44,batch,completed,2026-07-18 17:44:40.167112,0
TXN0738,Yolanda Crane,Eugene Johnson,4531.93,batch,completed,2026-07-04 10:22:38.595616,0
TXN0570,Kathy Stephenson,Jason Edwards,1338.59,real-time,completed,2026-07-26 06:04:15.655458,0
TXN0459,Laura Collins,John Hill,2552.29,batch,completed,2026-07-10 22:14:52.038062,0
TXN0947,Andrew Mills,Dawn Holland,2763.02,batch,completed,2026-07-24 00:24:53.286718,0
TXN0079,Mariah Hernandez,Dawn Mitchell,1117.57,batch,completed,2026-07-04 15:25:12.705714,0
