transaction_id,sender,receiver,amount,payment_type,status,timestamp,hour,day_of_week,is_weekend,is_late_night,is_large_amount,amount_zscore,payment_type_encoded,anomaly_score,is_anomaly
TXN0001,Gary Schmidt,Corey Ortega,2652.59,real-time,completed,2026-07-04 14:56:02.934317,14,5,1,0,0,-0.028758426452319935,1,1,False
TXN0002,Angela Harris,Heather Washington,5067.76,batch,completed,2026-07-21 23:45:39.519863,23,1,0,0,1,1.5839131042038053,0,1,False
TXN0003,Mrs. Christina Johnson,Matthew Nguyen,3480.79,batch,completed,2026-07-03 09:08:23.761813,9,4,0,0,0,0.5242521532126322,0,1,False
TXN0004,Leah Wallace MD,Darlene Garner,1238.48,batch,completed,2026-07-06 07:08:58.523994,7,0,0,0,0,-0.972996280605913,0,1,False
TXN0005,Zachary Rodriguez,Kara Mccoy,2987.81,batch,completed,2026-07-17 21:37:17.492511,21,4,0,0,0,0.1950766454086861,0,1,False
TXN0006,Emma Taylor,Brandi Herrera,1.0,batch,completed,2026-07-21 14:02:49.860883,14,1,0,0,0,-1.7992937113277014,0,1,False
TXN0007,Lance Griffith,James Sparks,2467.6,batch,completed,2026-07-12 17:51:23.688889,17,6,1,0,0,-0.152281038299965,0,1,False
TXN0008,Sarah Martin,Sarah Hansen,2014.69,real-time,completed,2026-07-18 07:51:20.669218,7,5,1,0,0,-0.45470076980932683,1,1,False
TXN0009,James Davis PhD,Robert Chavez,1782.49,real-time,completed,2026-07-20 17:01:14.225184,17,0,0,0,0,-0.6097467207851804,1,1,False
TXN0010,Grace Cox,Kevin Walter,3302.9,batch,completed,2026-07-03 11:16:32.642496,11,4,0,0,0,0.4054703951631293,0,1,False
TXN0011,Cindy Mcgrath,Steve Gonzalez,2948.04,batch,completed,2026-07-12 08:49:27.141252,8,6,1,0,0,0.16852118688022058,0,1,False
TXN0012,Laura Craig,Paul Pham,3294.4,batch,completed,2026-07-13 00:34:13.117930,0,0,0,1,0,0.39979472512310027,0,1,False
TXN0013,Joseph Taylor,Sara Blevins,2545.6,batch,completed,2026-07-14 01:07:37.284669,1,1,0,1,0,-0.10019841910910982,0,1,False
TXN0014,Thomas Harrison,Rachel Schneider,3797.82,batch,completed,2026-07-15 10:46:40.281032,10,2,0,0,0,0.7359412911879762,0,1,False
TXN0015,Amanda Hayes,Madison Reed,2111.29,batch,completed,2026-07-12 06:25:11.648283,6,6,1,0,0,-0.39019844911911394,0,1,False
TXN0016,Melissa Cole,Renee Bailey,1505.52,batch,completed,2026-07-18 05:59:51.772840,5,5,1,1,0,-0.7946867597248107,0,1,False
TXN0017,Christopher Soto,Dawn Wilson,3607.82,batch,completed,2026-07-10 23:23:26.316048,23,4,0,0,0,0.6090733726461495,0,1,False
TXN0018,Katie Moreno,Jeff Moss,4113.19,batch,completed,2026-07-15 07:56:52.875619,7,2,0,0,0,0.9465220041907965,0,1,False
TXN0019,Loretta Benitez,Rebecca Holt,3326.96,real-time,completed,2026-07-07 08:42:00.468098,8,1,0,0,0,0.42153588000584696,1,1,False
TXN0020,Jacob Owen,Virginia Brooks,557.53,batch,completed,2026-07-06 20:17:36.710960,20,0,0,0,0,-1.4276842234009497,0,1,False
TXN0021,Dr. Gerald Coleman,Jennifer Hickman,2064.02,batch,completed,2026-07-14 02:34:11.899112,2,1,0,1,0,-0.42176185180054626,0,1,False
TXN0022,Crystal Vang,Robert Hicks,4516.92,real-time,completed,2026-07-30 12:35:04.495262,12,3,0,0,0,1.2161029765744376,1,1,False
TXN0023,Jeremy Davis,Melissa Norman,921.03,batch,completed,2026-07-15 07:15:26.721575,7,2,0,0,0,-1.1849658634538232,0,1,False
TXN0024,Michael Williams,Jacqueline Jones,1408.74,batch,completed,2026-07-24 11:26:03.685413,11,4,0,0,0,-0.8593092710746949,0,1,False
TXN0025,George Mccarty,Brandon Juarez,5142.03,batch,completed,2026-07-07 13:18:13.650519,13,1,0,0,1,1.633505105835918,0,1,False
TXN0026,Robert Kim,Tami White,3898.33,real-time,completed,2026-07-06 01:28:28.331758,1,0,0,1,0,0.8030544200966024,1,1,False
TXN0027,Dr. Charles Jones MD,Nicole Beard,3796.08,batch,completed,2026-07-20 13:49:39.074257,13,0,0,0,0,0.7347794481444878,0,1,False
TXN0028,Alexandra Sanchez,Katie Hess,3284.43,batch,completed,2026-07-08 11:05:26.685662,11,2,0,0,0,0.3931374980290895,0,1,False
TXN0029,Courtney Patton,Sean Knapp,2170.75,batch,completed,2026-07-05 03:29:30.708959,3,6,1,1,0,-0.35049546787439273,0,1,False
TXN0030,Victoria Sloan,Peter Brown,1725.95,real-time,completed,2026-07-23 12:19:44.334262,12,3,0,0,0,-0.6474999424396798,1,1,False
TXN0031,Randy Parker,Daniel Perez,5285.47,batch,completed,2026-07-02 01:53:37.268341,1,3,0,1,1,1.7292837070761269,0,1,False
TXN0032,Mark Moreno,Michelle Juarez,2778.44,real-time,completed,2026-07-25 04:06:46.170302,4,5,1,1,0,0.05527487643446369,1,1,False
TXN0033,Whitney Mata,Brooke Allison,3259.65,batch,completed,2026-07-05 20:45:10.582546,20,6,1,0,0,0.3765912505476872,0,1,False
TXN0034,Justin Richards,Alisha Jackson,2357.97,batch,completed,2026-07-14 12:53:34.583361,12,1,0,0,0,-0.22548382729859914,0,1,False
TXN0035,Colton Harris,Rhonda Carroll,1455.53,batch,completed,2026-07-23 22:49:16.584634,22,3,0,0,0,-0.8280663768190525,0,1,False
TXN0036,Christopher Lang,Jenny Ortiz,1951.14,batch,completed,2026-07-10 14:50:39.034926,14,4,0,0,0,-0.4971347499321326,0,1,False
TXN0037,Stephen Harrison,Kaitlyn Kirk,3879.29,real-time,completed,2026-07-13 05:11:35.423572,5,0,0,1,0,0.7903409192069374,1,1,False
TXN0038,Joshua Padilla,Meghan Thomas,3926.45,batch,completed,2026-07-23 13:02:10.862430,13,3,0,0,0,0.8218308720407927,0,1,False
TXN0039,Amanda Miller,Melissa Morris,2117.91,batch,completed,2026-07-18 08:29:55.958182,8,5,1,0,0,-0.3857781037467619,0,1,False
TXN0040,Jessica Sloan,George Torres,4972.87,real-time,completed,2026-07-29 15:19:38.060757,15,2,0,0,0,1.5205525947804686,1,1,False
TXN0041,Steven Richards,Herbert Howard,3359.71,batch,completed,2026-07-07 07:04:27.945966,7,1,0,0,0,0.44340390280713554,0,1,False
TXN0042,Christian Lopez,Stephanie Clark,2305.44,batch,completed,2026-07-28 05:23:52.057409,5,1,0,1,0,-0.26055946814597875,0,1,False
TXN0043,Amber Pearson,Donald Schwartz,2634.5,batch,completed,2026-07-03 14:05:03.803413,14,4,0,0,0,-0.040837587749276066,0,1,False
TXN0044,Kristopher Stevens,Kelly Yang,2921.27,batch,completed,2026-07-04 11:57:00.369977,11,5,1,0,0,0.15064616488356425,0,1,False
TXN0045,Jason Johnson,Chad Thompson,3792.22,batch,completed,2026-07-11 19:32:14.904476,19,5,1,0,0,0.7322020262204274,0,1,False
TXN0046,John Simpson,Lisa Hernandez,3454.49,batch,completed,2026-07-16 18:44:18.490812,18,3,0,0,0,0.506690962382895,0,1,False
TXN0047,Frederick Zavala,Crystal Dunn,2206.14,batch,completed,2026-07-15 23:50:38.126710,23,2,0,0,0,-0.3268646487312599,0,1,False
TXN0048,Dale Haas,Jennifer Smith,2424.26,batch,completed,2026-07-14 05:23:11.149604,5,1,0,1,0,-0.18122027824524256,0,1,False
TXN0049,Miranda Reyes,Charles Estrada,1017.21,batch,completed,2026-07-30 08:25:33.710783,8,3,0,0,0,-1.1207439876361762,0,1,False
TXN0050,Patricia Henry,Tammy Nelson,3398.81,real-time,completed,2026-07-21 02:43:46.163760,2,1,0,1,0,0.4695119849912693,1,1,False
TXN0051,Anthony Page,Jessica Howard,538.66,batch,completed,2026-07-11 18:15:38.095665,18,5,1,0,0,-1.4402842108898142,0,1,False
TXN0052,Brandy Lee,Kendra Day,2498.42,batch,completed,2026-07-03 09:50:14.602724,9,4,0,0,0,-0.1317017264607065,0,1,False
TXN0053,Derek Rocha,Bonnie Hernandez,5235.45,batch,completed,2026-07-14 04:12:20.871175,4,1,0,1,1,1.695884058205273,0,1,False
TXN0054,Jacqueline Williams,Carla Thompson,1191.19,batch,completed,2026-07-21 07:32:24.912716,7,1,0,0,0,-1.0045730378050866,0,1,False
TXN0055,Megan Conner,Joyce Parker,6559.67,real-time,completed,2026-07-20 17:56:00.966676,17,0,0,0,1,2.580100032370841,1,-1,True
TXN0056,Amy Leon,Pamela Booth,2691.42,batch,completed,2026-07-12 10:55:45.890229,10,6,1,0,0,-0.0028306302576929644,0,1,False
TXN0057,Emma Mendoza,Timothy Cline,5044.32,batch,completed,2026-07-27 16:14:37.778215,16,0,0,0,1,1.568261609411066,0,1,False
TXN0058,Anna Knight,Richard Gonzales,2266.19,batch,completed,2026-07-18 23:30:32.481971,23,5,1,0,0,-0.2867677092131719,0,1,False
TXN0059,Theresa Wang,Jacqueline Jones,1843.78,real-time,completed,2026-07-27 00:03:39.426702,0,0,0,1,0,-0.5688218011671354,1,1,False
TXN0060,Mary Hernandez,Brandon Davis,1835.91,real-time,completed,2026-07-10 23:30:29.174267,23,4,0,0,0,-0.5740768038983152,1,1,False
TXN0061,Sara Chandler,Elaine Schmidt,1127.45,batch,completed,2026-07-29 15:50:09.325400,15,2,0,0,0,-1.047133885846434,0,1,False
TXN0062,Cheryl Thompson,Charles Cole,5504.81,real-time,completed,2026-07-10 18:21:58.625489,18,4,0,0,1,1.87574270314436,1,1,False
TXN0063,Andrew Griffin,Adam Jennings,554.31,batch,completed,2026-07-30 08:17:49.099581,8,3,0,0,0,-1.42983430075729,0,1,False
TXN0064,Nathan Zhang,Jeremy Carr,1865.05,real-time,completed,2026-07-13 23:26:25.978616,23,0,0,0,0,-0.5546192715493214,1,1,False
TXN0065,Joanna Walters,Eric Novak,2090.24,real-time,completed,2026-07-10 15:43:33.630004,15,4,0,0,0,-0.40425407904177435,1,1,False
TXN0066,Patrick Suarez,Diana Thomas,3294.69,batch,completed,2026-07-22 13:04:45.744865,13,2,0,0,0,0.3999883656303483,0,1,False
TXN0067,Donald White,William Horne,3573.78,batch,completed,2026-07-18 02:22:43.207463,2,5,1,1,0,0.5863439834505507,0,1,False
TXN0068,Kathryn Rios,Amy Johnson,264.72,batch,completed,2026-07-28 10:29:15.073550,10,1,0,0,0,-1.6232010403916457,0,1,False
TXN0069,Kevin Griffin,Kelly Porter,6393.14,real-time,completed,2026-07-14 15:13:29.447634,15,1,0,0,1,2.468903640398365,1,-1,True
TXN0070,Lindsay Hawkins,Brittney Palmer,1692.34,real-time,completed,2026-07-01 06:47:42.764819,6,2,0,0,0,-0.669942209503842,1,1,False
TXN0071,Paul Werner,Jill Larson,3382.08,real-time,completed,2026-07-06 04:53:33.821438,4,0,0,1,0,0.45834093090071787,1,1,False
TXN0072,Michael Ellison,James Downs,3471.74,batch,completed,2026-07-07 08:22:00.460573,8,1,0,0,0,0.5182092339347187,0,1,False
TXN0073,Paula Campbell,Paul West,4438.33,real-time,completed,2026-07-11 13:43:45.678180,13,5,1,0,0,1.1636263991102154,1,1,False
TXN0074,Jennifer Miller,Amber Williams,4698.13,batch,completed,2026-07-27 13:57:07.580945,13,0,0,0,0,1.337101584568987,0,1,False
TXN0075,Richard Thomas,Robert Saunders,3079.05,batch,completed,2026-07-11 13:05:58.440563,13,5,1,0,0,0.2559999553442456,0,1,False
TXN0076,Brandon Thomas,Gina Novak,2980.84,batch,completed,2026-07-28 03:33:52.685283,3,1,0,1,0,0.19042259597586236,0,1,False
TXN0077,Kristen Snyder,Stephanie Martin,3269.93,batch,completed,2026-07-06 08:29:12.176831,8,0,0,0,0,0.38345547266668695,0,1,False
TXN0078,Reginald Martinez,Jesse Chen,3436.28,batch,completed,2026-07-14 17:50:51.201327,17,1,0,0,0,0.4945316739794918,0,1,False
TXN0079,Mariah Hernandez,Dawn Mitchell,1117.57,batch,completed,2026-07-04 15:25:12.705714,15,5,1,0,0,-1.0537310176106092,0,1,False
TXN0080,Lynn Miller,Erica Thomas,1777.66,real-time,completed,2026-07-20 21:24:23.115392,21,0,0,0,0,-0.612971836819691,1,1,False
TXN0081,George Smith,Robert Johnson,2875.84,batch,completed,2026-07-23 21:16:42.573986,21,3,0,0,0,0.12031137783432652,0,1,False
TXN0082,Nicole Taylor,Justin Fleming,3591.46,batch,completed,2026-07-24 15:39:20.575841,15,4,0,0,0,0.5981493771338111,0,1,False
TXN0083,Amy Singleton,Rebecca Fields,953.52,batch,completed,2026-07-24 06:57:43.074894,6,4,0,0,0,-1.1632714493831706,0,1,False
TXN0084,Brian Jenkins,Jennifer Miller,636.42,batch,completed,2026-07-25 08:05:44.991832,8,5,1,0,0,-1.3750073281706088,0,1,False
TXN0085,Kyle Hutchinson,Anna Mccormick,1535.86,real-time,completed,2026-07-07 12:57:35.924639,12,1,0,0,0,-0.7744279563113423,1,1,False
TXN0086,Katherine Owens,Mrs. Sara Elliott,2295.06,batch,failed,2026-07-12 07:51:01.213770,7,6,1,0,0,-0.26749046285368494,0,1,False
TXN0087,Jennifer Stephens,Scott Walker,2547.33,real-time,completed,2026-07-29 10:14:04.435800,10,2,0,0,0,-0.09904325332449211,1,1,False
TXN0088,Tabitha Turner,Ashley Dean,4353.08,real-time,completed,2026-07-11 05:43:21.317600,5,5,1,1,0,1.1067027672381589,1,1,False
TXN0089,Ashley Alvarez,Lisa Johnson,1590.47,real-time,completed,2026-07-26 07:36:49.276676,7,6,1,0,0,-0.737963445618873,1,1,False
TXN0090,Kathy Steele,Sharon Wilson,2839.99,batch,completed,2026-07-03 17:54:28.509522,17,4,0,0,0,0.09637340478314475,0,1,False
TXN0091,Matthew Wilson,Willie Anderson,919.2,batch,completed,2026-07-02 05:14:31.366768,5,3,0,1,0,-1.186187801827147,0,1,False
TXN0092,Kim Smith,Ryan Jackson,2517.02,batch,completed,2026-07-16 08:15:55.882998,8,3,0,0,0,-0.11928202496134876,0,1,False
TXN0093,Patrick Long,Michelle Swanson,5970.93,batch,completed,2026-07-13 19:05:03.316420,19,0,0,0,1,2.186983093621814,0,1,False
TXN0094,Gregory Sullivan,Haley Brooks,2123.7,batch,completed,2026-07-24 22:11:16.320795,22,4,0,0,0,-0.3819119708606715,0,1,False
TXN0095,Andrea Perkins,Christopher Torres,1750.06,batch,completed,2026-07-01 15:39:47.209065,15,2,0,0,0,-0.6314010713026091,0,1,False
TXN0096,Amy Johnston,James Henson,3373.24,real-time,completed,2026-07-05 19:35:42.963542,19,6,1,0,0,0.45243823405908756,1,1,False
TXN0097,Douglas Logan,Jacob Wilson,1.0,batch,completed,2026-07-29 14:39:47.378207,14,2,0,0,0,-1.7992937113277014,0,1,False
TXN0098,Michael Collins,Brian Daniels,1076.93,batch,completed,2026-07-08 02:04:44.394042,2,2,0,1,0,-1.0808673976608187,0,1,False
TXN0099,Jerry Howard,Adam Roth,4243.06,batch,completed,2026-07-23 08:44:50.886559,8,3,0,0,0,1.0332395651435708,0,1,False
TXN0100,Timothy Mccoy,Alan Miller,6750.05,batch,completed,2026-07-03 08:48:32.082334,8,4,0,0,1,2.7072216867497514,0,1,False
TXN0101,Kenneth Mcpherson,Kaitlin Wallace,3965.72,batch,completed,2026-07-01 09:19:27.353264,9,2,0,0,0,0.8480524676257272,0,1,False
TXN0102,Linda Wagner,Christopher Vance,3893.91,batch,completed,2026-07-19 10:09:06.601972,10,6,1,0,0,0.8001030716757873,0,1,False
TXN0103,Melanie Cunningham,Meagan Washington,2721.18,batch,completed,2026-07-11 04:25:49.891479,4,5,1,1,0,0.017040892141279324,0,1,False
TXN0104,Brent Stark,Jennifer Mooney,444.05,real-time,completed,2026-07-10 09:35:18.676474,9,4,0,0,0,-1.5034577570647731,1,1,False
TXN0105,Taylor Hunt,Nicole Bell,2522.51,batch,completed,2026-07-04 04:54:11.671534,4,5,1,1,0,-0.11561620984137687,0,1,False
TXN0106,Daniel Johnson,Jessica Soto,2639.22,batch,completed,2026-07-28 06:31:35.786694,6,1,0,0,0,-0.0376859215623424,0,1,False
TXN0107,Rachel Gonzales,Kurt Key,5445.73,batch,completed,2026-07-13 13:35:04.286812,13,0,0,0,1,1.836293457736722,0,1,False
TXN0108,Annette Flores,Tracey Martinez,1821.33,real-time,completed,2026-07-25 20:27:55.559467,20,5,1,0,0,-0.5838122473316828,1,1,False
TXN0109,Anthony Garcia,Brian Wang,3051.06,batch,failed,2026-07-05 11:58:52.088181,11,6,1,0,0,0.23731030776537318,0,1,False
TXN0110,Jack Smith,Ashlee Carlson,195.69,batch,completed,2026-07-23 15:11:04.458369,15,3,0,0,0,-1.6692941583755527,0,1,False
TXN0111,Steven Moore,Paul Wong,285.02,real-time,completed,2026-07-17 05:21:04.176187,5,4,0,1,0,-1.6096462048842823,1,1,False
TXN0112,Felicia House,Kathleen Bullock,1154.95,batch,completed,2026-07-27 02:27:56.898759,2,0,0,1,0,-1.0287714239522223,0,1,False
TXN0113,Kevin Wong,Rebecca Rice,2366.54,batch,completed,2026-07-29 09:18:43.440714,9,2,0,0,0,-0.21976141644647557,0,1,False
TXN0114,Michele Day,Michael Morrison,1036.26,batch,completed,2026-07-24 11:35:18.549320,11,4,0,0,0,-1.1080238094876405,0,1,False
TXN0115,Lindsey Rivera,Rebecca Dillon,5153.57,real-time,completed,2026-07-25 19:34:06.847309,19,5,1,0,1,1.6412106625726162,1,1,False
TXN0116,Jordan Ortiz,Christina Tapia,865.22,batch,completed,2026-07-15 14:08:18.099359,14,2,0,0,0,-1.2222316452107669,0,1,False
TXN0117,Michael Wright,Joseph Bishop,4398.16,batch,completed,2026-07-08 20:30:05.784325,20,2,0,0,0,1.1368038502269249,0,1,False
TXN0118,Ashley Bush,Edwin Lewis,3412.14,batch,completed,2026-07-13 11:33:46.273135,11,0,0,0,0,0.478412771065809,0,1,False
TXN0119,Terry Perry,Zachary Morales,2740.16,real-time,completed,2026-07-08 10:20:16.616940,10,2,0,0,0,0.02971432947772077,1,1,False
TXN0120,Alfred Butler DDS,John Kline,2072.42,batch,completed,2026-07-24 07:52:29.241408,7,4,0,0,0,-0.41615295434922334,0,1,False
TXN0121,Jason Frey,Elizabeth Travis,1320.28,batch,completed,2026-07-09 15:32:06.992886,15,3,0,0,0,-0.9183763030442212,0,1,False
TXN0122,Tammy Allen,Heather Peterson,3114.73,batch,completed,2026-07-22 08:43:07.572733,8,2,0,0,0,0.27982441499462646,0,1,False
TXN0123,Timothy Lawson,David Hickman,2129.5,real-time,completed,2026-07-11 08:40:43.714381,8,5,1,0,0,-0.37803916071571037,1,1,False
TXN0124,Dale Joseph,Jonathan Benson,2807.68,real-time,completed,2026-07-01 03:26:56.622847,3,2,0,1,0,0.07479918137216363,1,1,False
TXN0125,William Nguyen,William Perez,3996.76,batch,completed,2026-07-20 09:11:00.998583,9,0,0,0,0,0.8687786791601396,0,1,False
TXN0126,Joshua Powell,Scott Jones,2821.1,batch,completed,2026-07-17 07:50:13.888997,7,4,0,0,0,0.08376006277653901,0,1,False
TXN0127,Rebecca Walker,Shelly Scott,649.08,batch,completed,2026-07-19 15:05:21.953014,15,6,1,0,0,-1.366553918440401,0,1,False
TXN0128,Maria Robertson,Omar Hernandez,4640.9,batch,completed,2026-07-15 22:23:17.523965,22,2,0,0,0,1.2988876320524145,0,1,False
TXN0129,Amanda Friedman,Theresa Morgan,3418.07,batch,completed,2026-07-02 13:14:54.506663,13,3,0,0,0,0.4823723855760883,0,1,False
TXN0130,Amanda Orr,Johnny Willis,5010.19,batch,completed,2026-07-16 04:58:57.672596,4,3,0,1,1,1.5454721248856313,0,1,False
TXN0131,Dennis Barrera,Elizabeth White,4144.65,batch,completed,2026-07-25 07:01:43.237645,7,5,1,0,0,0.9675286605977748,0,1,False
TXN0132,Luis Diaz,Melissa Bishop,1537.76,batch,completed,2026-07-24 18:33:42.947204,18,4,0,0,0,-0.7731592771259239,0,1,False
TXN0133,Michael Ross,Deborah Watson,3029.44,batch,completed,2026-07-08 05:49:11.132566,5,2,0,1,0,0.22287407408708748,0,1,False
TXN0134,Keith Rivera,Alexandra Richardson,1597.03,batch,completed,2026-07-29 07:22:48.542936,7,2,0,0,0,-0.7335831637997446,0,1,False
TXN0135,Leslie Allen,David Robinson,911.4,real-time,completed,2026-07-02 20:36:40.216164,20,3,0,0,0,-1.1913960637462324,1,1,False
TXN0136,Renee Newman,Kathleen Anderson,738.9,batch,completed,2026-07-23 06:12:55.989793,6,3,0,0,0,-1.3065787792644699,0,1,False
TXN0137,Michael Ray,Michael Waters,4590.89,batch,completed,2026-07-10 02:07:20.699871,2,4,0,1,0,1.265494660440432,0,1,False
TXN0138,Tina Roberts,Anna Thompson,874.37,batch,completed,2026-07-16 01:04:47.611805,1,3,0,1,0,-1.2161219533441476,0,1,False
TXN0139,Jennifer Maynard,Amanda Barrera,2107.09,batch,completed,2026-07-24 12:08:26.846755,12,4,0,0,0,-0.3930028978447752,0,1,False
TXN0140,Tracy Meadows,Andrew Garcia,5164.73,batch,completed,2026-07-28 07:20:01.557833,7,1,0,0,1,1.6486624834722308,0,1,False
TXN0141,Tamara Miller,Timothy Norman,5809.07,batch,completed,2026-07-10 16:43:05.248043,16,4,0,0,1,2.0789049815419185,0,1,False
TXN0142,Whitney Villegas,Angelica Murray,3787.62,batch,completed,2026-07-04 15:58:52.400685,15,5,1,0,0,0.7291304871399412,0,1,False
TXN0143,Michael Sanders,William Jefferson,1608.41,real-time,completed,2026-07-01 17:48:45.351622,17,2,0,0,0,-0.7259844432049762,1,1,False
TXN0144,Barry Key,Christina Chavez,4204.31,real-time,completed,2026-07-08 03:07:56.028620,3,2,0,1,0,1.007365187019909,1,1,False
TXN0145,Amy Beck,Paul Munoz,3491.02,batch,completed,2026-07-03 15:57:09.666620,15,4,0,0,0,0.531082989037279,0,1,False
TXN0146,Nicole Bryant,Samantha Wyatt,3993.76,real-time,completed,2026-07-13 11:09:41.106972,11,0,0,0,0,0.8667755014989529,1,1,False
TXN0147,Michelle Hicks,Jennifer Ward,4361.34,batch,completed,2026-07-11 13:52:54.031141,13,5,1,0,0,1.1122181830652933,0,1,False
TXN0148,Charles Russell,Jennifer Meyer,87.63,real-time,pending,2026-07-27 15:36:33.910588,15,0,0,0,0,-1.741448617731499,1,1,False
TXN0149,William Gonzalez,Cody Williamson,3441.32,batch,completed,2026-07-28 14:09:54.907983,14,1,0,0,0,0.4978970124502855,0,1,False
TXN0150,Brett Hart,Robert Solis,905.94,batch,completed,2026-07-07 15:55:42.946083,15,1,0,0,0,-1.1950418470895923,0,1,False
TXN0151,Blake Williams,Andrea Luna,1520.37,batch,completed,2026-07-03 18:01:45.695657,18,4,0,0,0,-0.7847710303019365,0,1,False
TXN0152,Marcus Paul,David Pena,1962.95,batch,completed,2026-07-05 17:26:41.408246,17,6,1,0,0,-0.48924890720592745,0,1,False
TXN0153,Carl West,Kelly Bush,3284.83,batch,completed,2026-07-06 00:33:19.268383,0,0,0,1,0,0.39340458838391446,0,1,False
TXN0154,Jessica Smith,Victoria Hill,293.18,real-time,completed,2026-07-16 18:05:39.930490,18,3,0,0,0,-1.6041975616458544,1,1,False
TXN0155,Joshua Smith,David Castro,708.35,real-time,completed,2026-07-14 19:29:51.540289,19,1,0,0,0,-1.3269778051142216,1,1,False
TXN0156,Larry Harris,George Knight,3105.44,real-time,completed,2026-07-04 08:36:37.464401,8,5,1,0,0,0.27362124150381817,1,1,False
TXN0157,Angelica Henry,Melody Dennis,1022.18,batch,completed,2026-07-02 22:40:25.766296,22,3,0,0,0,-1.1174253899774769,0,1,False
TXN0158,Shawn Michael,Daniel Howard,3357.08,batch,completed,2026-07-21 05:09:43.102516,5,1,0,1,0,0.44164778372416175,0,1,False
TXN0159,Karen Long,Karen Garza,4113.19,batch,completed,2026-07-06 03:49:08.627007,3,0,0,1,0,0.9465220041907965,0,1,False
TXN0160,Mark Bennett,Colin Hansen,2979.24,real-time,completed,2026-07-22 08:52:57.275080,8,2,0,0,0,0.18935423455656253,1,1,False
TXN0161,Jesus Rice,Henry Richardson,1693.74,batch,completed,2026-07-05 16:33:11.158222,16,6,1,0,0,-0.6690073932619548,0,1,False
TXN0162,Annette Flores,Joshua Young,3350.82,real-time,completed,2026-07-07 04:01:18.330621,4,1,0,1,0,0.4374678196711522,1,1,False
TXN0163,Mary Delgado,Susan Sims,5151.03,batch,completed,2026-07-23 09:27:04.757405,9,3,0,0,1,1.6395146388194781,0,1,False
TXN0164,Christine Long,Eric Sharp,34.24,real-time,completed,2026-07-27 07:57:45.103120,7,0,0,0,0,-1.7770985028417525,1,1,False
TXN0165,Brittany Butler,Norma Miller,1167.95,batch,completed,2026-07-19 16:44:51.703532,16,6,1,0,0,-1.0200909874204132,0,1,False
TXN0166,Alvin Cherry,Thomas Larson,6815.77,real-time,completed,2026-07-07 12:06:14.947453,12,1,0,0,1,2.7511046320474826,1,-1,True
TXN0167,Kristi Klein,Nathan Turner,4985.88,batch,completed,2026-07-14 03:53:14.538206,3,1,0,1,0,1.5292397085711484,0,1,False
TXN0168,Rebecca Price,Julia Robbins,2217.79,real-time,completed,2026-07-21 13:29:18.806272,13,1,0,0,0,-0.3190856421469847,1,1,False
TXN0169,Anthony Avila,Elizabeth Potts,3646.08,real-time,completed,2026-07-09 02:31:20.342242,2,3,0,1,0,0.6346205650851509,1,1,False
TXN0170,Tammy Tanner,Rhonda Rivera,3321.75,real-time,completed,2026-07-28 04:24:49.659981,4,1,0,1,0,0.4180570281342526,1,1,False
TXN0171,William Ellis,Christopher Ramos,1437.76,batch,completed,2026-07-19 16:27:19.466447,16,6,1,0,0,-0.8399318658321486,0,1,False
TXN0172,Elizabeth Martinez,Heather Watson,4819.02,batch,completed,2026-07-17 16:26:10.566977,16,4,0,0,0,1.4178229670559424,0,1,False
TXN0173,Lindsey Orr,Douglas Mendoza,1499.79,real-time,completed,2026-07-08 11:39:52.367173,11,2,0,0,0,-0.7985128290576775,1,1,False
TXN0174,Tyler Foster,Elizabeth Johnson,1468.52,batch,completed,2026-07-23 08:41:15.748554,8,3,0,0,0,-0.8193926175461139,0,1,False
TXN0175,Cynthia Cole,Ashley Gonzalez,3734.31,batch,completed,2026-07-26 08:33:07.910636,8,6,1,0,0,0.6935340201006529,0,1,False
TXN0176,Nicholas Thompson,David Cole,1407.45,batch,completed,2026-07-20 13:43:39.293509,13,0,0,0,0,-0.8601706374690052,0,1,False
TXN0177,Mary Reyes,Kevin Harper,3250.81,batch,completed,2026-07-17 13:21:42.207179,13,4,0,0,0,0.37068855370605686,0,1,False
TXN0178,Stacy Cook,Casey Myers,1857.55,batch,completed,2026-07-27 19:39:43.119239,19,0,0,0,0,-0.5596272157022882,0,1,False
TXN0179,John Bell,Amanda Garrett,7375.24,batch,completed,2026-07-18 01:48:42.049016,1,5,1,1,1,3.124677234082197,0,-1,True
TXN0180,Lynn Anderson,Alexis Haney,1477.1,batch,completed,2026-07-14 14:48:15.237333,14,1,0,0,0,-0.8136635294351199,0,1,False
TXN0181,Eric Manning,Tracy Deleon,3819.24,batch,completed,2026-07-24 04:23:24.852212,4,4,0,1,0,0.7502439796888494,0,1,False
TXN0182,Ross Bruce,Heather Sutton,4585.76,batch,completed,2026-07-10 09:42:52.747568,9,4,0,0,0,1.2620692266398026,0,1,False
TXN0183,Stephanie Johnson,Rachel Grant,81.95,batch,completed,2026-07-07 14:44:23.024509,14,1,0,0,0,-1.7452413007700127,0,1,False
TXN0184,Lori Franklin,Jay Ortiz,2267.9,real-time,completed,2026-07-16 09:34:23.442147,9,3,0,0,0,-0.28562589794629545,1,1,False
TXN0185,William Sheppard,Peter Brown,4003.96,batch,completed,2026-07-07 22:46:47.254183,22,1,0,0,0,0.8735863055469876,0,1,False
TXN0186,Joseph Smith,Jennifer Dunn,2636.49,batch,pending,2026-07-13 05:19:31.637006,5,0,0,1,0,-0.03950881323402234,0,1,False
TXN0187,Adam Long,Lorraine Rogers,4157.92,real-time,completed,2026-07-27 12:53:39.289513,12,0,0,0,0,0.9763893831190911,1,1,False
TXN0188,Debra Thompson,Albert Parsons,2493.13,batch,completed,2026-07-06 13:53:09.247516,13,0,0,0,0,-0.13523399640326575,0,1,False
TXN0189,Christina Miles,Terry Richards,3382.45,real-time,completed,2026-07-13 05:37:48.739111,5,0,0,1,0,0.45858798947893087,1,1,False
TXN0190,Lauren Bean,Rachel Stone,2402.65,batch,completed,2026-07-11 17:01:58.093423,17,5,1,0,0,-0.1956498346646578,0,1,False
TXN0191,Alicia Yu,David Flores,4603.09,real-time,completed,2026-07-22 06:43:32.990134,6,2,0,0,0,1.2736409162625912,1,1,False
TXN0192,Jonathon Smith,Jordan Ellis,2663.84,batch,pending,2026-07-04 03:11:27.837361,3,5,1,1,0,-0.021246510222869667,0,1,False
TXN0193,Lauren Thomas,Jason Flores,3506.53,batch,completed,2026-07-14 21:23:28.658122,21,1,0,0,0,0.5414394175456146,0,1,False
TXN0194,Wendy Parker,Wanda Padilla,4356.62,batch,completed,2026-07-28 10:52:58.518376,10,1,0,0,0,1.1090665168783593,0,1,False
TXN0195,Rebecca Foster,Kevin Green,4486.29,batch,completed,2026-07-21 05:49:41.501714,5,1,0,1,0,1.1956505326537208,0,1,False
TXN0196,Anthony Jennings,Aaron Willis,3206.31,batch,completed,2026-07-01 22:42:25.108567,22,2,0,0,0,0.3409747517317869,0,1,False
TXN0197,Hannah Burns,Kathryn Martin,1033.24,batch,pending,2026-07-15 06:07:12.336929,6,2,0,0,0,-1.1100403416665683,0,1,False
TXN0198,Rebecca Hogan,Mary Sloan,4395.72,batch,completed,2026-07-29 02:01:47.449746,2,2,0,1,0,1.1351745990624933,0,1,False
TXN0199,John Coleman,Logan Harrington,2729.12,real-time,completed,2026-07-18 23:55:48.031129,23,5,1,0,0,0.022342635684553594,1,1,False
TXN0200,Michelle Ryan,Elijah Rasmussen,1.0,real-time,completed,2026-07-01 14:46:17.876929,14,2,0,0,0,-1.7992937113277014,1,1,False
TXN0201,Renee Johnston,Matthew Burgess,2509.07,batch,completed,2026-07-22 13:08:48.436532,13,2,0,0,0,-0.1245904457634935,0,1,False
TXN0202,Amy Freeman,Allison Johnson,1568.94,real-time,completed,2026-07-14 15:33:53.849771,15,1,0,0,0,-0.752339583967323,1,1,False
TXN0203,Tracy Jackson,Ryan Kirk,4915.97,batch,completed,2026-07-02 20:32:38.422501,20,3,0,0,0,1.4825589918066269,0,1,False
TXN0204,Mr. Adam Esparza,Deborah Smith,2352.38,batch,completed,2026-07-29 14:19:07.841707,14,2,0,0,0,-0.22921641500727688,0,1,False
TXN0205,Wendy Ruiz,Ryan Robinson DDS,3482.89,batch,completed,2026-07-13 18:25:58.312934,18,0,0,0,0,0.5256543775754629,0,1,False
TXN0206,Sean Jones,Megan Pruitt,3795.19,batch,completed,2026-07-04 17:30:01.447448,17,5,1,0,0,0.7341851721050024,0,1,False
TXN0207,Daniel Fowler,Angel Collins,3864.08,real-time,completed,2026-07-06 16:51:05.561851,16,0,0,0,0,0.7801848084647206,1,1,False
TXN0208,Paul Wang,Mary Ward,1794.9,real-time,completed,2026-07-16 22:35:32.604189,22,3,0,0,0,-0.6014602425267379,1,1,False
TXN0209,Jeffrey Harrison,Justin Strickland,885.82,batch,completed,2026-07-27 14:31:04.374131,14,0,0,0,0,-1.2084764919372846,0,1,False
TXN0210,Dawn Hubbard,Jordan Guerra,1088.76,batch,completed,2026-07-20 02:52:12.334451,2,0,0,1,0,-1.0729682004168726,0,1,False
TXN0211,Allison Hayes,Scott Chapman,1426.44,batch,completed,2026-07-29 13:29:07.946050,13,2,0,0,0,-0.8474905228736932,0,1,False
TXN0212,Kelli Tyler,Matthew Hunter,1.0,real-time,completed,2026-07-29 13:53:44.520149,13,2,0,0,0,-1.7992937113277014,1,1,False
TXN0213,Karen Stone,Maureen Smith,1750.76,batch,completed,2026-07-15 07:09:48.535705,7,2,0,0,0,-0.6309336631816655,0,1,False
TXN0214,Regina Jones,Brandi Wilson,2455.46,batch,completed,2026-07-03 08:06:11.747929,8,4,0,0,0,-0.1603872305689006,0,1,False
TXN0215,Michael Knight,Anthony Smith,2850.01,batch,completed,2026-07-22 23:25:49.424298,23,2,0,0,0,0.10306401817150876,0,1,False
TXN0216,Jennifer Harrell,Anthony Ruiz,2504.99,batch,completed,2026-07-01 15:26:58.224090,15,2,0,0,0,-0.12731476738270772,0,1,False
TXN0217,Jay Bradley,Christina Mooney,1540.36,batch,completed,2026-07-14 01:44:47.150446,1,1,0,1,0,-0.7714231898195621,0,1,False
TXN0218,Dorothy Morris,Ashley Carr,2646.38,batch,completed,2026-07-19 11:27:03.619984,11,6,1,0,0,-0.03290500421097651,0,1,False
TXN0219,Helen Anderson,Doris Leach,3036.54,real-time,completed,2026-07-02 22:53:21.624847,22,3,0,0,0,0.22761492788522936,1,1,False
TXN0220,Joseph Hall,Traci Lopez,2304.11,batch,completed,2026-07-10 08:21:29.850288,8,4,0,0,0,-0.2614475435757715,0,1,False
TXN0221,Jennifer Hooper,Sydney Lloyd DDS,3020.35,batch,completed,2026-07-28 17:48:49.096162,17,1,0,0,0,0.21680444577369157,0,1,False
TXN0222,Jeffrey Guzman,Teresa Washington,3140.81,batch,completed,2026-07-07 01:13:28.411319,1,1,0,1,0,0.2972387061292098,0,1,False
TXN0223,Stephanie West,Evan Williams,3571.37,real-time,completed,2026-07-17 13:47:12.837071,13,4,0,0,0,0.5847347640627304,1,1,False
TXN0224,Tracy Hess,Kathleen Lynch,2666.4,batch,pending,2026-07-10 18:15:11.300030,18,4,0,0,0,-0.01953713195199035,0,1,False
TXN0225,Vanessa Sharp,Tony Smith,5966.97,real-time,completed,2026-07-28 02:01:52.685374,2,1,0,1,1,2.1843388991090475,1,1,False
TXN0226,Derek Wood,Tracy Smith,3243.52,batch,completed,2026-07-04 09:09:22.651415,9,5,1,0,0,0.3658208319893731,0,1,False
TXN0227,Beth Simmons,Danielle Brennan,4796.77,batch,completed,2026-07-09 20:15:21.993735,20,3,0,0,0,1.4029660660688072,0,1,False
TXN0228,Jennifer Hartman,Timothy Parks,549.0,real-time,completed,2026-07-17 16:13:32.656400,16,4,0,0,0,-1.4333799252175905,1,1,False
TXN0229,Kim Owens,Robert Wiggins,5009.77,batch,completed,2026-07-13 07:34:35.858552,7,0,0,0,1,1.5451916800130658,0,1,False
TXN0230,Randy Nelson,Drew Ashley,2692.21,real-time,completed,2026-07-30 00:37:38.823756,0,3,0,1,0,-0.002303126806913814,1,1,False
TXN0231,Jennifer Tucker,David Stafford,7210.03,batch,completed,2026-07-28 18:51:52.658874,18,1,0,0,1,3.014362240280643,0,-1,True
TXN0232,James Green,Gregory Huang,4346.25,real-time,completed,2026-07-28 13:17:25.567214,13,1,0,0,0,1.102142199429524,1,1,False
TXN0233,Sharon Russell,Luis Flores,1674.91,batch,completed,2026-07-06 07:15:01.981596,7,0,0,0,0,-0.6815806717153369,0,1,False
TXN0234,Paul Koch,Jerome Robinson,1497.17,batch,completed,2026-07-30 02:30:37.699533,2,3,0,1,0,-0.8002622708817805,0,1,False
TXN0235,Thomas Watson,Kelly Kim,8222.28,batch,completed,2026-07-23 03:46:30.641814,3,3,0,1,1,3.6902677694594024,0,-1,True
TXN0236,Michael Byrd,Maurice Ellis,4413.68,real-time,completed,2026-07-04 01:00:53.561707,1,5,1,1,0,1.1471669559941313,1,1,False
TXN0237,Sara Hurst,Christopher Hart,4694.15,batch,completed,2026-07-15 16:40:20.567036,16,2,0,0,0,1.334444035538479,0,1,False
TXN0238,Bryan Wheeler,Cynthia Black,4183.2,batch,failed,2026-07-22 08:33:04.230381,8,2,0,0,0,0.9932694935440245,0,1,False
TXN0239,Emily Brown,Jennifer Brown,735.35,batch,completed,2026-07-01 11:54:24.704678,11,2,0,0,0,-1.308949206163541,0,1,False
TXN0240,Joseph Hayes,Annette Miller,3697.15,batch,completed,2026-07-04 02:47:15.913778,2,5,1,1,0,0.6687213261374199,0,1,False
TXN0241,Michael Olson,David Brandt,2855.4,real-time,completed,2026-07-24 00:26:59.499897,0,4,0,1,0,0.10666306070277418,1,1,False
TXN0242,Kellie Hart,Lori Aguilar,465.45,batch,completed,2026-07-30 09:00:55.200085,9,3,0,0,0,-1.4891684230816413,0,1,False
TXN0243,Susan Abbott,Sharon Moore,1996.69,batch,completed,2026-07-20 16:26:54.345168,16,0,0,0,0,-0.46671983577644727,0,1,False
TXN0244,Kayla Martin,Nathaniel Moore,2735.2,batch,completed,2026-07-12 09:39:53.873255,9,6,1,0,0,0.026402409077892004,0,1,False
TXN0245,Ryan Morrison,Christopher Hamilton,2495.8,batch,completed,2026-07-21 09:02:05.206587,9,1,0,0,0,-0.1334511682848095,0,1,False
TXN0246,Cheryl Nelson,Daniel Santana,526.41,real-time,completed,2026-07-09 12:07:08.106158,12,3,0,0,0,-1.4484638530063267,1,1,False
TXN0247,Kristy Torres,Steven Baxter,1965.43,batch,completed,2026-07-02 15:45:02.641521,15,3,0,0,0,-0.4875929470060131,0,1,False
TXN0248,Richard Anderson,Monica Burke,2663.76,real-time,failed,2026-07-23 16:35:13.658108,16,3,0,0,0,-0.021299928293834598,1,1,False
TXN0249,Joel Hudson,Zachary Prince,4491.74,real-time,completed,2026-07-15 08:21:51.644464,8,2,0,0,0,1.19928963873821,1,1,False
TXN0250,Nicholas Hancock,Kelly Rice,2923.58,batch,completed,2026-07-02 08:48:02.113527,8,3,0,0,0,0.15218861168267803,0,1,False
TXN0251,Amanda Perry,Joe Warren,3661.26,batch,pending,2026-07-15 17:05:39.983619,17,2,0,0,0,0.644756644050756,0,1,False
TXN0252,Suzanne Martin,George Walters,3435.37,batch,completed,2026-07-23 02:47:03.194178,2,3,0,1,0,0.493924043422265,0,1,False
TXN0253,Michelle Curtis,Marc King,5782.69,batch,completed,2026-07-01 08:54:10.807667,8,2,0,0,1,2.0612903726412166,0,1,False
TXN0254,Laura Franklin,Jon Sanders,738.47,batch,completed,2026-07-11 18:36:40.689224,18,5,1,0,0,-1.3068659013959067,0,1,False
TXN0255,Jared Thompson,Judy Bates,1082.05,batch,completed,2026-07-27 19:35:28.627949,19,0,0,0,0,-1.0774486411190602,0,1,False
TXN0256,Antonio Watts,Christopher Baker,4332.1,batch,completed,2026-07-07 19:21:52.748667,19,1,0,0,0,1.0926938781275932,0,1,False
TXN0257,William Martinez,Erica Hogan,2434.17,batch,completed,2026-07-27 12:13:22.576387,12,0,0,0,0,-0.1746031147044558,0,1,False
TXN0258,Kelly Roberts,Holly Gonzalez,4357.6,real-time,completed,2026-07-20 11:31:51.727306,11,0,0,0,0,1.1097208882476806,1,1,False
TXN0259,Grant Brown,Tracy Wilson,3254.02,batch,completed,2026-07-17 03:55:23.233866,3,4,0,1,0,0.3728319538035267,0,1,False
TXN0260,Joy West,Jessica Price,4422.51,real-time,completed,2026-07-04 04:45:42.139804,4,5,1,1,0,1.1530629755768909,1,1,False
TXN0261,Keith Love,Micheal Gibson,75.79,real-time,completed,2026-07-28 12:48:37.875303,12,1,0,0,0,-1.749354492234316,1,1,False
TXN0262,Matthew Mills,Mark Alexander,503.19,real-time,completed,2026-07-29 04:01:34.212312,4,2,0,1,0,-1.463968448103912,1,1,False
TXN0263,Jerry Fox,Linda Keller,1515.74,batch,completed,2026-07-29 23:13:41.439383,23,2,0,0,0,-0.7878626011590346,0,1,False
TXN0264,Angela Robinson,Michael Roberts,1.0,real-time,completed,2026-07-25 03:35:00.465253,3,5,1,1,0,-1.7992937113277014,1,1,False
TXN0265,Lucas Patel,Steven Lang,3781.29,batch,completed,2026-07-25 19:32:08.215535,19,5,1,0,0,0.7249037822748372,0,1,False
TXN0266,Andrea Jackson,Joan Thomas,1.0,real-time,completed,2026-07-19 15:04:13.763347,15,6,1,0,0,-1.7992937113277014,1,1,False
TXN0267,Yvette Mitchell,Darius Chandler,5604.02,real-time,completed,2026-07-17 04:48:24.165053,4,4,0,1,1,1.9419877883998056,1,1,False
TXN0268,Mark Ramos,Gloria Mitchell,2175.2,batch,completed,2026-07-05 01:23:43.299196,1,6,1,1,0,-0.34752408767696585,0,1,False
TXN0269,James Mckenzie,Edward Shaw,3745.87,real-time,completed,2026-07-14 03:47:20.768920,3,1,0,1,0,0.7012529313550924,1,1,False
TXN0270,Matthew Walls,Shawn Edwards,883.47,batch,completed,2026-07-24 15:05:39.448921,15,4,0,0,0,-1.210045647771881,0,1,False
TXN0271,Stephanie Thomas,Stephen Hill,3621.71,real-time,completed,2026-07-04 08:28:47.030112,8,5,1,0,0,0.618348085217444,1,1,False
TXN0272,Michele Miller,Raymond Richardson,3511.34,batch,completed,2026-07-07 17:33:35.271483,17,1,0,0,0,0.544651179062384,0,1,False
TXN0273,Robert May,Corey Nixon,4158.61,real-time,completed,2026-07-07 04:14:03.137945,4,1,0,1,0,0.9768501139811637,1,1,False
TXN0274,Amy Moore,Kevin Thompson,922.53,batch,completed,2026-07-25 01:51:57.847967,1,5,1,1,0,-1.1839642746232297,0,1,False
TXN0275,Melissa Phillips,Douglas Montgomery,1673.15,real-time,completed,2026-07-04 06:01:39.169048,6,5,1,0,0,-0.6827558692765664,1,1,False
TXN0276,Erica Ramirez DDS,Thomas Martinez,1406.29,batch,completed,2026-07-20 18:39:11.764447,18,0,0,0,0,-0.8609451994979975,0,1,False
TXN0277,Michael Blair,Misty Hernandez,2894.97,batch,completed,2026-07-30 11:26:16.185646,11,3,0,0,0,0.13308497405382708,0,1,False
TXN0278,Paul Thomas,William Wilson,336.42,batch,completed,2026-07-05 10:52:40.675005,10,6,1,0,0,-1.5753250942892827,0,1,False
TXN0279,Grant Riggs,Debbie Russo,5248.76,batch,completed,2026-07-01 02:33:40.757153,2,2,0,1,1,1.7047714897620718,0,1,False
TXN0280,Patrick Campbell,Daniel Smith,1777.07,batch,completed,2026-07-02 08:30:50.393025,8,3,0,0,0,-0.6133657950930579,0,1,False
TXN0281,Carrie Ruiz,Jared Roberts,4582.71,batch,completed,2026-07-12 17:45:02.629181,17,6,1,0,0,1.2600326626842626,0,1,False
TXN0282,Karen Glover,David Bender,2194.1,batch,completed,2026-07-18 18:07:26.056275,18,5,1,0,0,-0.33490406841148934,0,1,False
TXN0283,Mr. Jared Pratt,Anita Long,215.03,batch,completed,2026-07-02 02:16:56.561689,2,3,0,1,0,-1.6563803397197687,0,1,False
TXN0284,Kevin Howard,Karen Garner,79.85,batch,completed,2026-07-14 03:28:30.581912,3,1,0,1,0,-1.7466435251328434,0,1,False
TXN0285,Robert Jennings,Judy Chen,2538.8,real-time,completed,2026-07-25 23:38:56.357007,23,5,1,0,0,-0.1047389551411329,1,1,False
TXN0286,Bridget Johnson,Joshua Bird,3586.62,batch,completed,2026-07-25 18:17:36.468185,18,5,1,0,0,0.5949175838404297,0,1,False
TXN0287,Jose Alexander,David Webb,2677.51,batch,completed,2026-07-26 10:20:22.841617,10,6,1,0,0,-0.012118697346728711,0,1,False
TXN0288,Denise Rivera,Terrance Soto,3044.81,batch,completed,2026-07-15 17:27:14.671543,17,2,0,0,0,0.23313702097123412,0,1,False
TXN0289,Gregg Navarro,Kenneth Riddle,3400.79,real-time,completed,2026-07-30 05:13:53.280360,5,3,0,1,0,0.47083408224765255,1,1,False
TXN0290,Cassandra Carlson,Sharon King,3278.27,batch,failed,2026-07-10 03:46:40.363979,3,4,0,1,0,0.38902430656478615,0,1,False
TXN0291,Michael Smith,Paul Lopez,467.16,batch,completed,2026-07-08 14:30:58.457471,14,2,0,0,0,-1.488026611814765,0,1,False
TXN0292,Destiny Lee,Amanda Kennedy,5412.56,batch,completed,2026-07-08 21:11:27.732634,21,2,0,0,1,1.814144990062868,0,1,False
TXN0293,Henry Kim,Trevor Brown,2837.55,real-time,completed,2026-07-28 05:39:44.152639,5,1,0,1,0,0.09474415361871315,1,1,False
TXN0294,William Doyle,Brandon Bryant,290.94,batch,completed,2026-07-12 12:01:17.522491,12,6,1,0,0,-1.6056932676328737,0,1,False
TXN0295,Christina Berger,Thomas Williams,3110.83,batch,completed,2026-07-12 18:54:12.065456,18,6,1,0,0,0.2772202840350836,0,1,False
TXN0296,Tammy Williams,Mathew Ward,4447.67,batch,completed,2026-07-22 03:27:35.908841,3,2,0,1,0,1.1698629588953768,0,1,False
TXN0297,Emily Bennett,Briana Martinez,4330.13,real-time,completed,2026-07-26 09:08:01.020386,9,6,1,0,0,1.0913784581300805,1,1,False
TXN0298,Julie Herrera,Paula Cooper,2379.2,real-time,completed,2026-07-20 11:20:09.481019,11,0,0,0,0,-0.21130800671626765,1,1,False
TXN0299,Michael Townsend,Jeffrey Ruiz MD,421.14,real-time,completed,2026-07-03 04:31:01.537213,4,4,0,1,0,-1.5187553571373693,1,1,False
TXN0300,Stacey Mcdaniel,Patty Lopez,1541.02,batch,completed,2026-07-24 21:02:08.275684,21,4,0,0,0,-0.7709824907341011,0,1,False
TXN0301,Philip Smith,Amanda Patrick,2313.19,batch,completed,2026-07-10 10:29:12.779674,10,4,0,0,0,-0.25538459252124635,0,1,False
TXN0302,Scott Howard,John Black,2506.38,real-time,completed,2026-07-21 08:27:13.841594,8,1,0,0,0,-0.12638662839969098,1,1,False
TXN0303,John Willis,David Williams,1.0,batch,completed,2026-07-25 14:52:08.434710,14,5,1,0,0,-1.7992937113277014,0,1,False
TXN0304,Justin Brown,Joseph Davis,2523.26,real-time,completed,2026-07-12 04:21:53.453326,4,6,1,1,0,-0.11511541542608018,1,1,False
TXN0305,Sheila Martinez,Tiffany Spencer,853.72,batch,completed,2026-07-09 13:38:55.369203,13,3,0,0,0,-1.2299104929119828,0,1,False
TXN0306,Adam Smith,Brent Wilson,2997.51,batch,completed,2026-07-08 16:35:47.088038,16,2,0,0,0,0.20155358651319008,0,1,False
TXN0307,Amanda Ramos,Bryan Hughes,2013.88,real-time,completed,2026-07-05 20:13:03.351946,20,6,1,0,0,-0.4552416277778472,1,1,False
TXN0308,Kyle Cummings,Kevin Johns,3028.01,batch,completed,2026-07-10 09:11:41.012152,9,4,0,0,0,0.22191922606858858,0,1,False
TXN0309,Rachel White,Kevin Ramos,2943.71,batch,completed,2026-07-26 04:22:34.887172,4,6,1,1,0,0.1656299337892411,0,1,False
TXN0310,Sarah Wu,Mark Hodge,2516.36,batch,completed,2026-07-14 08:43:03.131003,8,1,0,0,0,-0.11972272404680974,0,1,False
TXN0311,Donald Cross,Daniel Salazar,2997.81,batch,completed,2026-07-05 19:17:32.458307,19,6,1,0,0,0.20175390427930856,0,1,False
TXN0312,Stacey Anderson,Bradley Bryant,641.42,real-time,completed,2026-07-11 05:46:54.075155,5,5,1,1,0,-1.3716686987352977,1,1,False
TXN0313,Caitlyn Taylor,Gregg Doyle,1929.25,batch,completed,2026-07-24 20:02:15.922119,20,4,0,0,0,-0.5117512695999252,0,1,False
TXN0314,Anthony Garcia,Timothy Steele,4225.73,real-time,completed,2026-07-09 11:16:45.096022,11,3,0,0,0,1.0216678755207818,1,1,False
TXN0315,Kristin Rogers,Lisa Leblanc,3217.7,real-time,completed,2026-07-25 11:49:00.461769,11,5,1,0,0,0.34858014958542577,1,1,False
TXN0316,Karen Juarez,Justin Guerrero,1.0,real-time,completed,2026-07-04 05:58:37.804389,5,5,1,1,0,-1.7992937113277014,1,1,False
TXN0317,Jennifer Rice,Colleen Arnold,1167.72,real-time,completed,2026-07-05 03:57:18.625715,3,6,1,1,0,-1.0202445643744376,1,1,False
TXN0318,Kevin Avila,Paul Gonzales,1761.83,real-time,completed,2026-07-06 22:11:54.288420,22,0,0,0,0,-0.6235419376118865,1,1,False
TXN0319,Michelle Haley,Roberta Wright,2885.07,real-time,completed,2026-07-23 20:51:31.077289,20,3,0,0,0,0.12647448777191106,1,1,False
TXN0320,Jimmy Branch,Michael Allen,4476.86,batch,completed,2026-07-10 13:50:16.255361,13,4,0,0,0,1.1893538775387236,0,1,False
TXN0321,Patrick Hines,Craig Jenkins,2335.03,real-time,completed,2026-07-05 03:26:10.251947,3,6,1,1,0,-0.2408014591478068,1,1,False
TXN0322,Christopher Brown,Molly Smith,3820.07,real-time,completed,2026-07-06 07:32:50.827925,7,0,0,0,0,0.7507981921751112,1,1,False
TXN0323,Brett Collier,Taylor Miller,3172.19,batch,completed,2026-07-09 09:47:36.145403,9,3,0,0,0,0.31819194446522314,0,1,False
TXN0324,Helen Vega,William Wilson,2793.35,batch,completed,2026-07-15 01:27:50.784003,1,2,0,1,0,0.06523066941056169,0,1,False
TXN0325,Jeffrey Carlson,Pamela Perez,2675.46,batch,completed,2026-07-09 16:21:02.676950,16,3,0,0,0,-0.013487535415206437,0,1,False
TXN0326,Tammy Smith,Joseph Peters,4051.57,real-time,completed,2026-07-03 07:49:40.154731,7,4,0,0,0,0.9053767350300213,1,1,False
TXN0327,Tyler Fisher,Jennifer Foster,4186.12,batch,completed,2026-07-14 13:34:21.602030,13,1,0,0,0,0.9952192531342463,0,1,False
TXN0328,Michelle Drake,Shawn Gray,5772.12,batch,completed,2026-07-02 13:54:16.411295,13,3,0,0,1,2.0542325100149688,0,1,False
TXN0329,Anna Williams,Nathan Hammond,4176.63,real-time,completed,2026-07-18 22:51:42.330585,22,5,1,0,0,0.9888825344660257,1,1,False
TXN0330,Dennis Gray,Rachel Hunt,2895.05,batch,completed,2026-07-08 04:48:25.768922,4,2,0,1,0,0.1331383921247923,0,1,False
TXN0331,Paul Curry,John Butler,1887.31,real-time,completed,2026-07-18 19:53:37.771173,19,5,1,0,0,-0.5397556933033159,1,1,False
TXN0332,David Oconnor,Cody Branch,1.0,batch,completed,2026-07-14 05:59:35.008160,5,1,0,1,0,-1.7992937113277014,0,1,False
TXN0333,Kayla Davis,Amy Allen,1045.94,batch,completed,2026-07-01 04:09:10.575658,4,2,0,1,0,-1.1015602229008779,0,1,False
TXN0334,Monica Cole,Lindsey Mathews,2100.43,batch,completed,2026-07-09 12:46:39.331878,12,3,0,0,0,-0.39744995225261,0,1,False
TXN0335,Nicole Horton,Debra Miller,794.14,batch,completed,2026-07-18 02:18:52.170585,2,5,1,1,0,-1.2696936012631515,0,1,False
TXN0336,Tara Wilson,Alvin Solomon,2893.38,real-time,failed,2026-07-16 07:42:18.101876,7,3,0,0,0,0.1320232898933983,1,1,False
TXN0337,Benjamin Charles,Sarah Nguyen,1264.77,batch,completed,2026-07-26 11:54:26.753615,11,6,1,0,0,-0.9554417670350466,0,1,False
TXN0338,Michele Lee,James Kelley,5102.56,batch,pending,2026-07-03 09:24:40.313981,9,4,0,0,1,1.6071499650735714,0,1,False
TXN0339,Jose Hall,Bryan Shah,1162.64,real-time,completed,2026-07-15 23:49:19.507204,23,2,0,0,0,-1.0236366118807136,1,1,False
TXN0340,Sara Beard,Isabel Griffith,4320.05,batch,completed,2026-07-29 14:56:16.448045,14,2,0,0,0,1.0846477811884931,0,1,False
TXN0341,Dana Bryant,Brandi Bell,3694.63,real-time,completed,2026-07-29 16:15:30.613288,16,2,0,0,0,0.667038656902023,1,1,False
TXN0342,Audrey Hill,Jessica Marsh,4652.76,batch,completed,2026-07-30 01:00:06.345430,1,3,0,1,0,1.306806861072973,0,1,False
TXN0343,Alex Bennett,Dennis Williams,3353.81,batch,completed,2026-07-16 18:48:26.885642,18,3,0,0,0,0.4394643200734682,0,1,False
TXN0344,Brenda Tucker,Aaron Moore,4017.48,batch,completed,2026-07-05 08:12:21.947102,8,6,1,0,0,0.8826139595400692,0,1,False
TXN0345,Richard Shaw,Brittany Schwartz,600.64,real-time,completed,2026-07-15 09:51:28.577085,9,2,0,0,0,-1.3988985604096962,1,1,False
TXN0346,Sharon Jackson,David Leach,2160.11,batch,completed,2026-07-16 12:24:13.913757,12,3,0,0,0,-0.35760007131273497,0,1,False
TXN0347,Suzanne Adams,Andrew Garcia,1903.79,batch,completed,2026-07-12 09:58:01.974148,9,6,1,0,0,-0.52875157068453,0,1,False
TXN0348,Dawn Mcguire,Robert Smith,1.0,batch,completed,2026-07-25 12:15:41.867296,12,5,1,0,0,-1.7992937113277014,0,1,False
TXN0349,Mrs. Lori Reed,Cheryl Osborne,3682.65,batch,completed,2026-07-13 17:20:27.418450,17,0,0,0,0,0.6590393007750174,0,1,False
TXN0350,Jeffrey Howe,Elizabeth Smith,2101.33,batch,completed,2026-07-10 23:54:43.284494,23,4,0,0,0,-0.3968489989542539,0,1,False
TXN0351,Andrea Flores,Jessica Morris,5292.39,batch,completed,2026-07-02 16:58:23.381199,16,3,0,0,1,1.7339043702145978,0,1,False
TXN0352,Stephanie Price,Russell Miranda,509.12,real-time,completed,2026-07-04 05:38:14.543858,5,5,1,1,0,-1.460008833593633,1,1,False
TXN0353,Jillian Wright,Linda Nelson,2228.54,batch,completed,2026-07-19 01:51:37.011444,1,6,1,1,0,-0.31190758886106557,0,1,False
TXN0354,Martha Ewing,Bruce Terry,6032.4,batch,pending,2026-07-27 19:45:59.190574,19,0,0,0,1,2.22802820389953,0,1,False
TXN0355,Teresa Day,Taylor Smith,1414.63,real-time,completed,2026-07-03 18:15:03.656299,18,4,0,0,0,-0.8553763655998983,1,1,False
TXN0356,Andrew Jones,David Valdez,1634.58,real-time,completed,2026-07-30 07:34:55.534068,7,3,0,0,0,-0.7085100567405573,1,1,False
TXN0357,Veronica Pena,Michael Wiggins,1079.94,batch,completed,2026-07-13 06:48:52.394809,6,0,0,0,0,-1.0788575427407614,0,1,False
TXN0358,Micheal Galloway,Mrs. Yolanda Erickson,4529.09,batch,completed,2026-07-17 13:12:14.729867,13,4,0,0,0,1.224229200619985,0,1,False
TXN0359,Lisa Brown,Albert Ramirez,1207.09,real-time,failed,2026-07-03 17:55:36.101163,17,4,0,0,0,-0.993956196200797,1,1,False
TXN0360,Anthony Lewis,Angela Hernandez,1070.09,batch,completed,2026-07-05 10:24:54.923892,10,6,1,0,0,-1.0854346427283246,0,1,False
TXN0361,Leah Gomez,Loretta Mcdowell,3322.23,batch,completed,2026-07-18 19:41:38.486248,19,5,1,0,0,0.4183775365600425,0,1,False
TXN0362,Brenda Owens,William Henderson,5186.75,batch,completed,2026-07-13 11:46:49.466034,11,0,0,0,1,1.6633658075053417,0,1,False
TXN0363,Tiffany Boyd,Allison Davis,3052.26,real-time,completed,2026-07-27 06:05:07.273863,6,0,0,0,0,0.23811157882984804,1,1,False
TXN0364,Stephanie Zavala,Maria Vaughn,2741.8,batch,completed,2026-07-20 01:15:35.807510,1,0,0,1,0,0.030809399932503072,0,1,False
TXN0365,John White,Elizabeth Owen,878.65,real-time,completed,2026-07-10 15:13:38.558388,15,4,0,0,0,-1.213264086547521,1,1,False
TXN0366,Mary Brown,John Stark,3021.87,real-time,completed,2026-07-27 13:08:24.634426,13,0,0,0,0,0.21781938912202617,1,1,False
TXN0367,Shelby Ross,Calvin Wright,4789.13,real-time,failed,2026-07-05 09:27:43.932308,9,6,1,0,0,1.3978646402916515,1,1,False
TXN0368,Jacqueline Chavez,James Brown,3203.66,batch,completed,2026-07-08 16:47:08.346357,16,2,0,0,0,0.3392052781310719,0,1,False
TXN0369,Daniel Thomas,Anita Holland DDS,1597.77,batch,completed,2026-07-18 09:35:17.123013,9,5,1,0,0,-0.7330890466433185,0,1,False
TXN0370,Lisa Brown,Kimberly Washington,341.49,batch,completed,2026-07-16 18:49:01.225869,18,3,0,0,0,-1.5719397240418773,0,1,False
TXN0371,Brittany Davidson,April Long,486.89,batch,completed,2026-07-20 15:34:20.420251,15,0,0,0,0,-1.4748523800630267,0,1,False
TXN0372,Ashley Combs,Pamela Pruitt,3145.92,batch,completed,2026-07-13 21:41:47.049375,21,0,0,0,0,0.30065078541209794,0,1,False
TXN0373,Tracey Smith,Dustin Williams,2000.05,batch,completed,2026-07-17 18:56:42.247011,18,4,0,0,0,-0.4644762767959182,0,1,False
TXN0374,Judy James,Bryan Morgan,1720.79,real-time,completed,2026-07-25 13:03:46.409491,13,5,1,0,0,-0.650945408016921,1,1,False
TXN0375,Marco Moore,Jacqueline Smith,2843.5,batch,completed,2026-07-08 13:21:25.967121,13,2,0,0,0,0.0987171226467334,0,1,False
TXN0376,Howard Williams,Paul Vazquez,4769.13,batch,completed,2026-07-11 04:54:37.563240,4,5,1,1,0,1.3845101225504066,0,1,False
TXN0377,Tina Mckay,Kristina Carter,4102.66,batch,failed,2026-07-26 04:41:47.958501,4,6,1,1,0,0.9394908506000312,0,1,False
TXN0378,James Williams,Jake Krause,2475.22,real-time,completed,2026-07-25 09:38:51.445392,9,5,1,0,0,-0.14719296704055077,1,1,False
TXN0379,Debbie Aguilar,Andrew Lopez,2631.08,real-time,completed,2026-07-07 18:41:34.077268,18,1,0,0,0,-0.043121210283028996,1,1,False
TXN0380,Jessica Crosby,Matthew Ho,1634.7,batch,completed,2026-07-02 12:23:16.981897,12,3,0,0,0,-0.7084299296341098,0,1,False
TXN0381,Frank Roy,Gary Phillips,2751.26,batch,completed,2026-07-15 13:38:33.562803,13,2,0,0,0,0.03712608682411195,0,1,False
TXN0382,Tyrone Oneal,William Cooper,4717.71,batch,completed,2026-07-23 14:34:51.260840,14,3,0,0,0,1.3501756574376658,0,1,False
TXN0383,Mark Price,James Rosales,1264.74,batch,completed,2026-07-07 13:05:50.147429,13,1,0,0,0,-0.9554617988116584,0,1,False
TXN0384,Amy Baxter,Sandy Adams,854.85,real-time,completed,2026-07-22 02:49:12.590780,2,2,0,1,0,-1.2291559626596025,1,1,False
TXN0385,Jasmin Russell,Sarah Marquez,5165.45,batch,completed,2026-07-26 02:12:58.798654,2,6,1,1,1,1.649143246110916,0,-1,True
TXN0386,Ronald Harris,Annette Singleton,3887.96,batch,completed,2026-07-21 14:48:36.011228,14,1,0,0,0,0.7961301026477671,0,1,False
TXN0387,Rebecca Huber,Karen Vaughn,1166.0,batch,completed,2026-07-05 17:12:45.563625,17,6,1,0,0,-1.0213930529001847,0,1,False
TXN0388,Ruth Hart,Kristin Escobar,2586.68,real-time,completed,2026-07-20 11:02:02.495241,11,0,0,0,0,-0.07276823966859279,1,1,False
TXN0389,Michael Green,David Johnson,2321.72,batch,completed,2026-07-06 18:12:37.088796,18,0,0,0,0,-0.24968889070460557,0,1,False
TXN0390,Lisa Mccarty,Oscar Spencer,1.0,batch,completed,2026-07-02 21:28:23.199566,21,3,0,0,0,-1.7992937113277014,0,1,False
TXN0391,Luis Parker,Anthony Herrera,5654.93,batch,completed,2026-07-17 13:59:08.375419,13,4,0,0,1,1.9759817133101445,0,1,False
TXN0392,Brett Rosales,Nicholas Wallace,3444.09,real-time,completed,2026-07-11 05:32:50.456474,5,5,1,1,0,0.49974661315744795,1,1,False
TXN0393,Alyssa Zhang,Chelsea Rocha,1853.84,batch,completed,2026-07-26 05:48:21.508842,5,6,1,1,0,-0.5621044787432893,0,1,False
TXN0394,Samuel Jones,Todd Sanchez,1848.35,batch,completed,2026-07-30 02:31:18.592235,2,3,0,1,0,-0.5657702938632609,0,1,False
TXN0395,Stephanie Smith,Ariel Kennedy,2147.57,batch,completed,2026-07-07 02:57:48.572099,2,1,0,1,0,-0.3659733539364955,0,1,False
TXN0396,David Thomas,Joshua Whitaker,2129.21,batch,completed,2026-07-27 01:52:08.648736,1,0,0,1,0,-0.37823280122295844,0,1,False
TXN0397,Stephen Bailey,Andrew Castaneda,4280.98,real-time,completed,2026-07-15 16:18:26.264315,16,2,0,0,0,1.0585597307809707,1,1,False
TXN0398,Ethan Ayala MD,Jennifer Collins,3192.4,batch,completed,2026-07-06 04:34:30.871958,4,0,0,1,0,0.33168668464275114,0,1,False
TXN0399,Mrs. Erin York MD,Stephen Hudson,2885.45,batch,completed,2026-07-12 20:31:00.991850,20,6,1,0,0,0.1267282236089945,0,1,False
TXN0400,John Ward,Andrew Tran,1621.95,batch,completed,2026-07-15 18:23:19.183840,18,2,0,0,0,-0.7169434346941534,0,1,False
TXN0401,Thomas Jones,Christina Goodman,739.98,real-time,completed,2026-07-20 10:43:20.803451,10,0,0,0,0,-1.3058576353064426,1,1,False
TXN0402,Edward Lin,Tracy Scott,1.0,real-time,completed,2026-07-24 22:30:01.872373,22,4,0,0,0,-1.7992937113277014,1,1,False
TXN0403,James Brown,Joanna Edwards,4243.11,real-time,completed,2026-07-05 22:51:05.165157,22,6,1,0,0,1.0332729514379235,1,1,False
TXN0404,Theresa Williams,Paul Davis,1438.17,batch,completed,2026-07-17 09:38:07.013008,9,4,0,0,0,-0.839658098218453,0,1,False
TXN0405,Annette Woods,Daniel Lane,2840.2,batch,completed,2026-07-01 02:04:45.278569,2,2,0,1,0,0.09651362721942786,0,1,False
TXN0406,Danielle Mcgee,Cindy Larson,3482.6,batch,completed,2026-07-04 12:19:43.412380,12,5,1,0,0,0.5254607370682148,0,1,False
TXN0407,Melissa Key,Edward Munoz,1529.34,batch,completed,2026-07-20 11:15:43.431446,11,0,0,0,0,-0.7787815290949881,0,1,False
TXN0408,Jennifer Harper,Amber Mcclure,1.85,batch,completed,2026-07-18 01:17:51.906391,1,5,1,1,0,-1.7987261443236986,0,1,False
TXN0409,Jodi David,Amy Carroll,6169.24,batch,completed,2026-07-09 20:24:46.153176,20,3,0,0,1,2.319399814285128,0,1,False
TXN0410,Brandon Armstrong,Angel Brown,1.0,batch,pending,2026-07-16 01:51:07.737017,1,3,0,1,0,-1.7992937113277014,0,1,False
TXN0411,Emily Holloway PhD,Joshua Rodriguez,2006.77,batch,completed,2026-07-05 15:47:02.075950,15,6,1,0,0,-0.45998915883485986,0,1,False
TXN0412,Jason King,John Lynch,5055.78,batch,completed,2026-07-19 05:42:06.504956,5,6,1,1,1,1.5759137480767993,0,-1,True
TXN0413,Robert Sutton,James Washington,783.0,batch,completed,2026-07-29 04:18:18.381216,4,2,0,1,0,-1.2771320676450248,0,1,False
TXN0414,Kayla Olsen,Debra Edwards,1847.42,batch,completed,2026-07-07 14:03:33.529307,14,1,0,0,0,-0.5663912789382287,0,1,False
TXN0415,Bryan Hernandez,Thomas Ellis,3338.57,batch,completed,2026-07-30 11:52:44.362965,11,3,0,0,0,0.4292881775546397,0,1,False
TXN0416,Alexander Lynn,Amanda Bray,3220.66,real-time,completed,2026-07-27 11:02:34.382213,11,0,0,0,0,0.35055661821113004,1,1,False
TXN0417,Patrick Miller,Daryl Atkins DVM,1923.74,batch,completed,2026-07-08 07:16:16.671203,7,2,0,0,0,-0.5154304392376382,0,1,False
TXN0418,Michelle Friedman,Dawn Campbell,2563.48,batch,completed,2026-07-20 09:48:10.170579,9,0,0,0,0,-0.08825948024843677,0,1,False
TXN0419,Kristina Black,Robert Hurst,5387.35,real-time,completed,2026-07-01 14:13:28.213405,14,2,0,0,1,1.7973116204500286,1,1,False
TXN0420,Richard Schwartz,Sara Saunders,1162.4,batch,completed,2026-07-23 06:13:54.997242,6,3,0,0,0,-1.0237968660936085,0,1,False
TXN0421,Diana Thomas,Jacob Howard,2419.68,batch,completed,2026-07-24 13:16:48.141966,13,4,0,0,0,-0.1842784628079879,0,1,False
TXN0422,Joshua Shaffer,Tony Gallagher,1196.69,batch,completed,2026-07-27 00:00:21.511035,0,0,0,1,0,-1.0009005454262443,0,1,False
TXN0423,John Wallace,Jessica Baldwin,4893.67,batch,completed,2026-07-13 10:13:07.315989,10,0,0,0,0,1.4676687045251386,0,1,False
TXN0424,Robert Morales DDS,Andrea Vaughn,4325.93,batch,completed,2026-07-08 15:22:52.073599,15,2,0,0,0,1.0885740094044192,0,1,False
TXN0425,Andrea Herrera,Jimmy Foster,2835.28,batch,completed,2026-07-07 09:23:23.085652,9,1,0,0,0,0.09322841585508186,0,1,False
TXN0426,Tammy Combs,Jill Wilson,3217.4,batch,completed,2026-07-23 00:35:55.942516,0,3,0,1,0,0.3483798318193073,0,1,False
TXN0427,Mary Carter,Michele Jenkins,3225.55,batch,failed,2026-07-27 07:09:39.072109,7,0,0,0,0,0.3538217977988647,0,1,False
TXN0428,Christopher Daugherty,Joanne Fry,3638.28,batch,completed,2026-07-29 17:11:34.825756,17,2,0,0,0,0.6294123031660656,0,1,False
TXN0429,Suzanne Odom,Craig Munoz,1475.47,batch,completed,2026-07-11 23:23:07.191676,23,5,1,0,0,-0.8147519226310312,0,1,False
TXN0430,Mark Garcia,Janice Murphy,3785.42,real-time,completed,2026-07-15 02:32:46.867155,2,2,0,1,0,0.7276614901884043,1,1,False
TXN0431,Gina Gardner,Brian Wheeler,2858.94,real-time,completed,2026-07-19 00:57:07.466344,0,6,1,1,0,0.10902681034297451,1,1,False
TXN0432,Amy Smith,Todd Castro,2014.04,real-time,completed,2026-07-05 08:25:52.601981,8,6,1,0,0,-0.45513479163591736,1,1,False
TXN0433,Adrian Allen,Brittany Brady,4877.04,real-time,completed,2026-07-23 09:35:02.990895,9,3,0,0,0,1.4565644230232935,1,1,False
TXN0434,Carla Reilly,Mark Weaver,1661.73,batch,completed,2026-07-22 13:20:25.224673,13,2,0,0,0,-0.6903812989068173,0,1,False
TXN0435,Jared Harris,Tracy Newton,5307.07,real-time,completed,2026-07-01 00:19:16.834032,0,2,0,1,1,1.743706586236671,1,1,False
TXN0436,Calvin Douglas,Tiffany Jones,1286.95,batch,completed,2026-07-10 07:49:35.921803,7,4,0,0,0,-0.9406316068600059,0,1,False
TXN0437,Amy Brown,Sara Carroll,1583.88,batch,completed,2026-07-09 01:39:01.995420,1,3,0,1,0,-0.7423637592146131,0,1,False
TXN0438,Christopher Yates,Janice Sullivan,2661.73,batch,completed,2026-07-23 05:01:57.196902,5,3,0,1,0,-0.02265541184457109,0,1,False
TXN0439,Tanner Underwood,Thomas Lewis,2977.3,batch,completed,2026-07-03 10:12:15.366779,10,4,0,0,0,0.18805884633566206,0,1,False
TXN0440,Rebecca Owen,Stephanie Smith,2151.36,batch,completed,2026-07-02 19:12:29.642564,19,3,0,0,0,-0.3634426728245296,0,1,False
TXN0441,Joshua Patterson,Amber Foster,3674.12,batch,completed,2026-07-18 21:35:32.066347,21,5,1,0,0,0.6533435989583762,0,1,False
TXN0442,Mr. Mark Whitehead,Paige Yu,2517.01,batch,completed,2026-07-13 02:09:00.802108,2,0,0,1,0,-0.11928870222021923,0,1,False
TXN0443,Amber Wells,Charles Brewer,2229.22,batch,completed,2026-07-18 13:45:20.733618,13,5,1,0,0,-0.31145353525786335,0,1,False
TXN0444,Donald Terry Jr.,Julia Clark,1.0,batch,completed,2026-07-08 16:13:23.921823,16,2,0,0,0,-1.7992937113277014,0,1,False
TXN0445,Stephanie Jefferson,Kelly Duffy,1184.73,real-time,completed,2026-07-11 21:44:20.920903,21,5,1,0,0,-1.0088865470355086,1,1,False
TXN0446,John Munoz,Michael Watson,1732.21,real-time,completed,2026-07-18 03:22:47.635802,3,5,1,1,0,-0.6433199783866702,1,1,False
TXN0447,Michelle Soto,Jennifer Good,2368.41,real-time,completed,2026-07-20 04:34:41.562667,4,0,0,1,0,-0.21851276903766925,1,1,False
TXN0448,Chris Perez,Kevin Chen,813.54,batch,completed,2026-07-19 06:00:42.922735,6,6,1,0,0,-1.2567397190541438,0,1,False
TXN0449,Kara Chambers,Cole Blake,1616.54,batch,completed,2026-07-21 19:05:00.433156,19,1,0,0,0,-0.7205558317431602,0,1,False
TXN0450,David Mccarthy,Lauren Dixon,4488.68,real-time,completed,2026-07-04 00:14:50.954400,0,5,1,1,0,1.1972463975237997,1,1,False
TXN0451,Jose Alexander Jr.,Carl Castro,2577.62,batch,completed,2026-07-26 07:58:00.232184,7,6,1,0,0,-0.0788178362053767,0,1,False
TXN0452,Angela Dudley,Steven Booth,2048.55,real-time,completed,2026-07-24 12:29:43.495314,12,4,0,0,0,-0.4320915712733991,1,1,False
TXN0453,Caleb Ruiz,Julie Parsons,1428.06,batch,completed,2026-07-13 01:28:38.149892,1,0,0,1,0,-0.8464088069366524,0,1,False
TXN0454,Matthew Molina,Jonathan Torres,2353.0,real-time,completed,2026-07-20 15:20:39.848074,15,0,0,0,0,-0.22880242495729836,1,1,False
TXN0455,Tracy Black,Alicia Nicholson,2539.59,batch,completed,2026-07-05 12:53:03.215539,12,6,1,0,0,-0.10421145169035376,0,1,False
TXN0456,Amy Smith,Kevin Thornton,907.87,batch,completed,2026-07-04 09:11:21.177721,9,5,1,0,0,-1.1937531361275622,0,1,False
TXN0457,Natalie Davidson,Renee Wilkerson,3913.36,batch,completed,2026-07-27 17:31:57.282693,17,0,0,0,0,0.8130903401791482,0,1,False
TXN0458,Richard Lee,Sarah Woodward,197.14,real-time,completed,2026-07-03 21:29:49.143819,21,4,0,0,0,-1.6683259558393124,1,1,False
TXN0459,Laura Collins,John Hill,2552.29,batch,completed,2026-07-10 22:14:52.038062,22,4,0,0,0,-0.09573133292466335,0,1,False
TXN0460,Daniel Koch,Angelica Taylor,4472.02,batch,completed,2026-07-15 04:57:42.218282,4,2,0,1,0,1.1861220842453428,0,1,False
TXN0461,Richard Jefferson,Lauren Smith,3351.15,batch,completed,2026-07-06 20:05:51.061798,20,0,0,0,0,0.4376881692138827,0,1,False
TXN0462,Shelley Gonzalez,Mark Ross DVM,2032.01,batch,completed,2026-07-02 19:52:58.507750,19,3,0,0,0,-0.4431357574454088,0,1,False
TXN0463,Roy Cline,Keith Salas,1806.59,batch,completed,2026-07-15 22:29:27.582113,22,2,0,0,0,-0.5936545269069804,0,1,False
TXN0464,Paul Farrell,Dustin Johnson,4595.36,batch,completed,2026-07-15 22:15:08.492016,22,2,0,0,0,1.2684793951555997,0,1,False
TXN0465,Brad Malone,Theodore Mason,4504.74,batch,completed,2026-07-05 06:55:21.272934,6,6,1,0,0,1.207970075270019,0,1,False
TXN0466,Melissa Curtis,Jeremy Huffman,2169.7,batch,completed,2026-07-12 16:18:52.655340,16,6,1,0,0,-0.3511965800558082,0,1,False
TXN0467,Carolyn Byrd,Jennifer Moore,1856.22,batch,completed,2026-07-13 00:51:00.733632,0,0,0,1,0,-0.560515291132081,0,1,False
TXN0468,Sara Miller,Dylan Mckenzie,1.0,real-time,completed,2026-07-17 18:01:05.230762,18,4,0,0,0,-1.7992937113277014,1,1,False
TXN0469,Heather Adams,Brent Ibarra,2861.4,real-time,completed,2026-07-14 20:01:22.220910,20,1,0,0,0,0.11066941602514765,1,1,False
TXN0470,Rachel Wright,Elizabeth Powers,2012.44,real-time,completed,2026-07-24 15:10:17.611618,15,4,0,0,0,-0.4562031530552169,1,1,False
TXN0471,Tracy Wilson,Richard Collins,1290.53,real-time,completed,2026-07-18 19:54:11.573211,19,5,1,0,0,-0.9382411481843231,1,1,False
TXN0472,Amanda Anderson,George Estes,3302.68,real-time,completed,2026-07-04 11:37:38.703476,11,5,1,0,0,0.40532349546797547,1,1,False
TXN0473,Cody Goodwin,Jonathan Ortiz,1662.41,batch,completed,2026-07-22 02:59:40.524985,2,2,0,1,0,-0.6899272453036149,0,1,False
TXN0474,Gerald Smith,Thomas Gutierrez,4653.43,real-time,completed,2026-07-23 19:29:00.368196,19,3,0,0,0,1.3072542374173048,1,1,False
TXN0475,Robert Arellano,Brett Torres,3876.24,batch,completed,2026-07-10 17:29:56.872473,17,4,0,0,0,0.7883043552513974,0,1,False
TXN0476,Sherry Garcia,Christine Woods,3708.58,real-time,completed,2026-07-08 06:01:10.401782,6,2,0,0,0,0.6763534330265413,1,1,False
TXN0477,Nina Snyder,Cynthia Scott,1908.85,batch,completed,2026-07-21 03:18:37.393843,3,1,0,1,0,-0.525372877695995,0,1,False
TXN0478,Paula Lewis,Randy Bush,780.61,batch,completed,2026-07-14 19:09:50.277691,19,1,0,0,0,-1.2787279325151035,0,1,False
TXN0479,Timothy Hansen,Matthew Bartlett,2981.42,real-time,completed,2026-07-17 02:03:38.324962,2,4,0,1,0,0.19080987699035842,1,1,False
TXN0480,Casey Fisher,Ashley Adams,2045.23,batch,completed,2026-07-23 12:03:26.979200,12,3,0,0,0,-0.4343084212184459,0,1,False
TXN0481,Brian Cox,Debbie Phelps,124.66,real-time,completed,2026-07-02 03:39:38.324829,3,3,0,1,0,-1.7167227281335842,1,1,False
TXN0482,Amber Escobar,James Larson,3087.66,batch,completed,2026-07-02 08:21:46.791441,8,3,0,0,0,0.2617490752318513,0,1,False
TXN0483,Arthur Hogan,Sean Farley,2398.52,batch,completed,2026-07-23 23:59:12.021499,23,3,0,0,0,-0.19840754257822493,0,1,False
TXN0484,Patty Dominguez,Michael Santiago,5213.43,real-time,completed,2026-07-06 01:40:33.484833,1,0,0,1,1,1.6811807341721627,1,-1,True
TXN0485,Whitney Jenkins,Allison Roman,3908.27,batch,completed,2026-07-22 15:52:53.907799,15,2,0,0,0,0.8096916154140013,0,1,False
TXN0486,Amanda Watson,Shelly Lindsey,1098.32,batch,completed,2026-07-26 08:29:42.910737,8,6,1,0,0,-1.0665847409365574,0,1,False
TXN0487,John Watts,Jack Mitchell,2249.87,batch,completed,2026-07-04 21:14:39.585788,21,5,1,0,0,-0.2976649956900279,0,1,False
TXN0488,Ryan Baker,Sheena Foley,3493.18,batch,completed,2026-07-27 13:33:48.819179,13,0,0,0,0,0.5325252769533334,0,1,False
TXN0489,Heather Roberts,Christopher Delgado,3355.05,batch,completed,2026-07-11 09:07:58.342836,9,5,1,0,0,0.4402923001734255,0,1,False
TXN0490,Mrs. Meghan Hebert DDS,Mary Brown,4775.49,batch,completed,2026-07-07 07:16:46.157201,7,1,0,0,0,1.3887568591921222,0,1,False
TXN0491,Amanda Banks,Heather Jackson,2663.92,batch,completed,2026-07-26 15:10:17.788352,15,6,1,0,0,-0.021193092151904735,0,1,False
TXN0492,Jennifer Price,Cheryl Price,1200.96,real-time,completed,2026-07-03 23:29:07.202090,23,4,0,0,0,-0.9980493558884884,1,1,False
TXN0493,Kyle Stevens,Debra Fisher,1.0,batch,completed,2026-07-03 01:58:37.345846,1,4,0,1,0,-1.7992937113277014,0,1,False
TXN0494,Rebecca Thomas,Maria Herrera,1190.25,batch,completed,2026-07-24 15:39:45.349751,15,4,0,0,0,-1.0052007001389252,0,1,False
TXN0495,Mary Love,Robert Jones,1276.51,batch,completed,2026-07-18 19:34:57.950818,19,5,1,0,0,-0.9476026651209358,0,1,False
TXN0496,Andrew Morales,Jason Camacho,1507.24,batch,completed,2026-07-27 04:36:43.075065,4,0,0,1,0,-0.7935382711990637,0,1,False
TXN0497,Sylvia Meyer,Robert Tucker,1322.36,batch,completed,2026-07-04 21:48:09.806529,21,5,1,0,0,-0.9169874331991319,0,1,False
TXN0498,Steven Nunez,David Smith,2902.18,batch,completed,2026-07-01 07:13:14.380233,7,2,0,0,0,0.13789927769954588,0,1,False
TXN0499,Julian Phillips,Cesar Hurst,1.0,real-time,completed,2026-07-11 15:19:18.509913,15,5,1,0,0,-1.7992937113277014,1,1,False
TXN0500,Joshua Brandt,Daniel Rivera,4011.86,batch,completed,2026-07-03 21:41:31.282628,21,4,0,0,0,0.8788613400547794,0,1,False
TXN0501,Stephen Lee,Mary Kane,2181.71,batch,failed,2026-07-17 20:05:31.418301,20,4,0,0,0,-0.3431771921521905,0,1,False
TXN0502,Mr. Corey Jackson,Amy Baxter,1330.25,batch,completed,2026-07-22 12:50:18.708579,12,2,0,0,0,-0.9117190759502106,0,1,False
TXN0503,Alex Griffin,Patricia Gonzalez,3637.1,batch,pending,2026-07-05 22:25:32.277372,22,6,1,0,0,0.628624386619332,0,1,False
TXN0504,Jay Miller,Sarah Welch,3765.69,batch,completed,2026-07-21 22:13:19.627839,22,1,0,0,0,0.7144872584366663,0,1,False
TXN0505,Frances Scott,Daniel Harris,2714.6,batch,completed,2026-07-16 23:23:48.038365,23,3,0,0,0,0.012647255804409794,0,1,False
TXN0506,Cheryl Brown,Charles Carroll,1837.37,batch,completed,2026-07-12 08:53:02.946039,8,6,1,0,0,-0.5731019241032045,0,1,False
TXN0507,Rhonda Morris,Thomas Preston,2335.85,batch,completed,2026-07-16 21:35:00.114682,21,3,0,0,0,-0.24025392392041595,0,1,False
TXN0508,Cameron Ellis,Luis Hendricks,3293.96,batch,completed,2026-07-27 03:20:10.279668,3,0,0,1,0,0.39950092573279283,0,1,False
TXN0509,Kathy Dixon,Crystal Gonzales,506.68,batch,completed,2026-07-22 22:00:42.208340,22,2,0,0,0,-1.4616380847580648,0,1,False
TXN0510,Stephanie White,Jonathan Nguyen,1306.03,real-time,completed,2026-07-22 13:13:38.239168,13,2,0,0,0,-0.9278913969348582,1,1,False
TXN0511,Mark Ballard PhD,David Miller,2604.83,batch,completed,2026-07-04 06:18:42.216595,6,5,1,0,0,-0.06064901481841296,0,1,False
TXN0512,Dr. Mark Stanley,Tim Murphy,2162.32,real-time,completed,2026-07-15 10:06:05.913237,10,2,0,0,0,-0.35612439710232735,1,1,False
TXN0513,James Cook,Kristin Smith,4017.7,batch,completed,2026-07-04 05:11:38.934854,5,5,1,1,0,0.8827608592352227,0,1,False
TXN0514,Stephanie Brady,Martha Hutchinson,2402.46,batch,completed,2026-07-08 00:39:16.400801,0,2,0,1,0,-0.19577670258319965,0,1,False
TXN0515,Susan Hernandez,Jonathan Maxwell,1378.8,real-time,completed,2026-07-10 01:20:09.665881,1,4,0,1,0,-0.8793009841333387,1,1,False
TXN0516,Jeffrey Farmer,Laura Moore,1363.44,batch,completed,2026-07-18 17:44:40.167112,17,5,1,0,0,-0.8895572537586147,0,1,False
TXN0517,Timothy Hull,John Beck,1247.71,batch,completed,2026-07-19 11:42:11.648067,11,6,1,0,0,-0.9668331706683284,0,1,False
TXN0518,Robert Mendez,Keith Johnson,2606.95,batch,completed,2026-07-20 08:56:37.714281,8,0,0,0,0,-0.05923343593784107,0,1,False
TXN0519,Kara Russell,Lauren Mckee,3139.18,batch,completed,2026-07-03 08:08:52.683079,8,4,0,0,0,0.29615031293329824,0,1,False
TXN0520,Jennifer Ward,Stephen Spears,3911.71,batch,completed,2026-07-13 13:54:41.225002,13,0,0,0,0,0.8119885924654954,0,1,False
TXN0521,Gregory Odonnell,Dennis Graham,526.58,real-time,completed,2026-07-23 11:32:52.196872,11,3,0,0,0,-1.4483503396055262,1,1,False
TXN0522,Ashley Reid,Jeremy Frost,1762.0,real-time,completed,2026-07-20 02:08:49.714720,2,0,0,1,0,-0.6234284242110859,1,1,False
TXN0523,Jennifer Hoover,Julia Reyes,2738.78,batch,completed,2026-07-19 05:06:20.826960,5,6,1,1,0,0.0287928677535751,0,1,False
TXN0524,Dawn Marks,Renee Ellis,3885.51,batch,completed,2026-07-08 15:06:06.595881,15,2,0,0,0,0.7944941742244647,0,1,False
TXN0525,Barbara Harris,Samuel Rodriguez,2371.66,real-time,completed,2026-07-02 22:42:06.005392,22,3,0,0,0,-0.21634265990471696,1,1,False
TXN0526,Sarah Webb,Robyn Brown,2445.9,batch,completed,2026-07-24 02:51:03.059857,2,4,0,1,0,-0.16677069004921563,0,1,False
TXN0527,James Brown,Fred Arnold,3796.72,real-time,completed,2026-07-24 01:23:21.818123,1,4,0,1,0,0.7352067927122076,1,1,False
TXN0528,Timothy Huerta,Matthew Adams,2081.34,real-time,completed,2026-07-09 06:57:57.433447,6,3,0,0,0,-0.41019683943662805,1,1,False
TXN0529,Mr. David Lopez,Andrea Livingston,2151.49,batch,completed,2026-07-07 01:24:04.169515,1,1,0,1,0,-0.36335586845921175,0,1,False
TXN0530,Hunter Harvey,Christopher Long,2308.75,real-time,completed,2026-07-06 11:25:52.161359,11,0,0,0,0,-0.2583492954598028,1,1,False
TXN0531,Justin Harrison,Katherine Garcia,2593.26,batch,completed,2026-07-01 07:48:40.034087,7,2,0,0,0,-0.06837460333172295,0,1,False
TXN0532,Robert Hill,Kenneth Daniels,4445.93,real-time,completed,2026-07-12 05:32:34.116947,5,6,1,1,0,1.1687011158518887,1,1,False
TXN0533,David Rosales,Thomas Davis,597.57,real-time,completed,2026-07-04 12:51:57.198940,12,5,1,0,0,-1.4009484788829771,1,1,False
TXN0534,Daniel Johnson DVM,David Flores,3957.84,real-time,completed,2026-07-08 17:11:14.683376,17,2,0,0,0,0.8427907876356769,1,1,False
TXN0535,Timothy Butler,Karen Gonzalez,1703.72,batch,completed,2026-07-18 07:21:14.497932,7,5,1,0,0,-0.6623434889090736,0,1,False
TXN0536,William Morgan,Valerie Nelson,1986.05,batch,completed,2026-07-03 05:49:59.732301,5,4,0,1,0,-0.4738244392147896,0,1,False
TXN0537,Aaron Reyes,Curtis Fisher,1943.06,batch,completed,2026-07-03 04:14:18.927896,4,4,0,1,0,-0.5025299750995956,0,1,False
TXN0538,Tony Gonzalez,Kyle Gomez,4315.96,batch,completed,2026-07-11 20:19:25.614419,20,5,1,0,0,1.0819167823104083,0,1,False
TXN0539,Matthew Graves,Kimberly Henry,2622.88,batch,completed,2026-07-21 21:44:02.433783,21,1,0,0,0,-0.048596562556939296,0,1,False
TXN0540,Rhonda Jarvis,Parker Thompson,3358.46,batch,completed,2026-07-02 13:08:23.312673,13,3,0,0,0,0.4425692454483077,0,1,False
TXN0541,Laura Alvarado,Jacob Neal,96.2,batch,completed,2026-07-27 14:27:25.907613,14,0,0,0,0,-1.7357262068793757,0,1,False
TXN0542,Joshua Martin,Judy Brewer,2031.91,batch,completed,2026-07-06 10:10:57.172648,10,0,0,0,0,-0.4432025300341149,0,1,False
TXN0543,Emily Howard,Mark Bell,2833.49,batch,completed,2026-07-16 17:02:42.696463,17,3,0,0,0,0.09203318651724016,0,1,False
TXN0544,Jamie Rosales,Faith Williams,835.68,batch,completed,2026-07-23 00:27:16.034725,0,3,0,1,0,-1.241956267914586,0,1,False
TXN0545,Dr. Eric Humphrey,Adam Lawson,3030.25,real-time,completed,2026-07-10 22:53:45.814754,22,4,0,0,0,0.22341493205560786,1,1,False
TXN0546,Cynthia Park,Adam Ramirez,2526.78,real-time,completed,2026-07-04 19:52:22.983114,19,5,1,0,0,-0.1127650203036211,1,1,False
TXN0547,Brittany Weber,Beth Garcia,1649.42,batch,completed,2026-07-01 14:49:23.669985,14,2,0,0,0,-0.6986010045765535,0,1,False
TXN0548,Brandy Crane,Robert Jordan,2942.33,batch,completed,2026-07-10 00:43:12.292152,0,4,0,1,0,0.16470847206509512,0,1,False
TXN0549,Alejandro Norton,Joshua Larson,2316.78,batch,completed,2026-07-17 19:36:26.381546,19,4,0,0,0,-0.2529874565866928,0,1,False
TXN0550,Derek Davis,Mary Morris,4660.84,real-time,completed,2026-07-01 06:23:11.542931,6,2,0,0,0,1.312202086240436,1,1,False
TXN0551,Wesley Williams,Joseph Smith,5028.48,batch,completed,2026-07-27 17:48:55.047319,17,0,0,0,1,1.5576848313599998,0,1,False
TXN0552,Benjamin Martin,Christopher Mason,2177.89,batch,completed,2026-07-06 10:43:23.993731,10,0,0,0,0,-0.3457279050407684,0,1,False
TXN0553,Scott Stone,James Cooper,4252.06,batch,completed,2026-07-04 03:11:35.118332,3,5,1,1,0,1.0392490981271312,0,1,False
TXN0554,John Banks,Kimberly Rodriguez,3453.4,batch,completed,2026-07-11 18:49:37.661197,18,5,1,0,0,0.5059631411659974,0,1,False
TXN0555,Robert Farmer,Renee Green,1.0,batch,completed,2026-07-14 20:04:40.433297,20,1,0,0,0,-1.7992937113277014,0,1,False
TXN0556,Jennifer Becker,Amanda Sellers,2628.75,real-time,completed,2026-07-17 11:18:10.786183,11,4,0,0,0,-0.04467701159988398,1,1,False
TXN0557,Steven Atkins,Joseph Frank,1765.56,batch,completed,2026-07-18 22:59:23.099546,22,5,1,0,0,-0.6210513200531443,0,1,False
TXN0558,Leslie Hughes,Mary Richard,1658.81,batch,completed,2026-07-16 00:30:39.321782,0,3,0,1,0,-0.6923310584970391,0,1,False
TXN0559,Deborah Bailey,Kara Robinson,3789.88,batch,completed,2026-07-13 03:42:19.775017,3,0,0,1,0,0.730639547644702,0,1,False
TXN0560,Jacob Santos,Patricia Graves,4078.89,batch,completed,2026-07-19 00:21:37.342477,0,6,1,1,0,0.9236190062645616,0,1,False
TXN0561,Ashley Mccoy,Diana Young,1958.48,batch,completed,2026-07-12 13:37:41.201834,13,6,1,0,0,-0.4922336419210957,0,1,False
TXN0562,Lisa Jenkins,Eric Burton,2499.81,batch,completed,2026-07-21 01:05:08.932145,1,1,0,1,0,-0.13077358747769005,0,1,False
TXN0563,James Brown,Samantha Hill,6061.35,batch,completed,2026-07-15 17:50:52.229728,17,2,0,0,1,2.2473588683299823,0,1,False
TXN0564,Reginald Meyer,Joan Rose,1383.53,real-time,completed,2026-07-20 08:17:38.417966,8,0,0,0,0,-0.8761426406875342,1,1,False
TXN0565,Dr. Karen Smith,Randy Hamilton,2538.69,batch,completed,2026-07-25 18:53:48.255514,18,5,1,0,0,-0.10481240498870983,0,1,False
TXN0566,Gloria Rivera,David Cox,891.26,batch,completed,2026-07-30 11:05:07.811344,11,3,0,0,0,-1.2048440631116661,0,1,False
TXN0567,Ronald Simmons,Matthew Webb,2752.87,batch,completed,2026-07-03 05:32:27.190775,5,4,0,1,0,0.03820112550228194,0,1,False
TXN0568,Christian Cruz,Laura Harris,2759.68,batch,completed,2026-07-03 23:23:51.713309,23,4,0,0,0,0.0427483387931758,0,1,False
TXN0569,Michael George,Angel Willis,7508.67,batch,completed,2026-07-23 02:31:54.104460,2,3,0,1,1,3.2137718991929125,0,-1,True
TXN0570,Kathy Stephenson,Jason Edwards,1338.59,real-time,completed,2026-07-26 06:04:15.655458,6,6,1,0,0,-0.9061502420521116,1,1,False
TXN0571,Peter Wright,Robert Fernandez,4554.32,batch,pending,2026-07-07 14:12:35.729414,14,1,0,0,0,1.2410759247505652,0,1,False
TXN0572,Heidi Daniel,Stephen Obrien,1.0,batch,completed,2026-07-28 16:06:37.871670,16,1,0,0,0,-1.7992937113277014,0,1,False
TXN0573,Joshua Dean,Danielle Bell,2065.03,real-time,completed,2026-07-29 08:35:42.262870,8,2,0,0,0,-0.4210874486546133,1,1,False
TXN0574,Dana Reyes,Paul Novak,3466.87,batch,completed,2026-07-19 03:07:18.285156,3,6,1,1,0,0.5149574088647257,0,1,False
TXN0575,Maria Franklin,Breanna Houston,2904.31,batch,completed,2026-07-04 21:46:39.442053,21,5,1,0,0,0.13932153383898854,0,1,False
TXN0576,Jeffrey Garcia,Megan Stewart,2188.42,batch,completed,2026-07-28 08:54:55.304771,8,1,0,0,0,-0.3386967514500028,0,1,False
TXN0577,Jeffrey Sanders DDS,Andrea Flores,970.74,real-time,completed,2026-07-25 03:51:32.878655,3,5,1,1,0,-1.1517732096079587,1,1,False
TXN0578,Vanessa Dixon,Eric Brown,2690.96,real-time,pending,2026-07-09 11:50:53.187228,11,3,0,0,0,-0.003137784165741622,1,1,False
TXN0579,Jimmy Perez,Angie Adams,5521.11,batch,completed,2026-07-03 01:14:13.476600,1,4,0,1,1,1.8866266351034742,0,1,False
TXN0580,Alexis Smith,Jeffrey Martinez,3972.04,batch,completed,2026-07-26 07:44:24.898589,7,6,1,0,0,0.8522724952319607,0,1,False
TXN0581,Kelly Hodge,James Gonzalez,2227.97,batch,completed,2026-07-26 12:34:52.414689,12,6,1,0,0,-0.31228819261669116,0,1,False
TXN0582,Casey Berg,Amanda Wilkerson,2445.07,batch,completed,2026-07-18 04:06:07.795544,4,5,1,1,0,-0.16732490253547724,0,1,False
TXN0583,Selena Brown,Heather Hill,3135.79,batch,completed,2026-07-23 10:02:48.086890,10,3,0,0,0,0.2938867221761573,0,1,False
TXN0584,Mark Barnes,Ryan Fernandez,1568.71,real-time,completed,2026-07-21 14:34:36.847050,14,1,0,0,0,-0.7524931609213474,1,1,False
TXN0585,Kathy Stevens,Miss Natasha Hamilton MD,1063.25,real-time,completed,2026-07-20 10:27:53.485673,10,0,0,0,0,-1.0900018877958304,1,1,False
TXN0586,Valerie Carlson,Jacob Davis,2540.86,real-time,completed,2026-07-08 14:15:52.683970,14,2,0,0,0,-0.10336343981378471,1,1,False
TXN0587,Michael Robinson,Walter Kelly,3542.66,batch,completed,2026-07-24 00:39:35.944063,0,4,0,1,0,0.5655643538451733,0,1,False
TXN0588,Terri Miller,Rebecca Graham,5167.27,batch,completed,2026-07-16 12:01:32.886814,12,3,0,0,1,1.6503585072253695,0,1,False
TXN0589,Cathy Williams,Craig Hickman,1910.86,batch,completed,2026-07-25 14:00:19.437457,14,5,1,0,0,-0.5240307486629999,0,1,False
TXN0590,Charles King,Brianna Miller,1341.24,batch,completed,2026-07-27 08:13:04.900784,8,0,0,0,0,-0.9043807684513966,0,1,False
TXN0591,William Trujillo,Noah Dunn,3734.92,batch,completed,2026-07-29 08:10:47.859984,8,2,0,0,0,0.693941332891761,0,1,False
TXN0592,David Gordon,Amy Kirby,675.66,batch,completed,2026-07-16 11:58:52.159465,11,3,0,0,0,-1.3488057643622864,0,1,False
TXN0593,Richard Green,Shane Williams,2508.25,batch,completed,2026-07-12 01:37:28.831550,1,6,1,1,0,-0.12513798099088463,0,1,False
TXN0594,Brent Summers,Dr. Austin Vasquez,2580.32,batch,completed,2026-07-02 02:30:01.910644,2,3,0,1,0,-0.07701497631030846,0,1,False
TXN0595,Tracy Cook,Earl Allen,1260.45,batch,completed,2026-07-06 16:29:50.911218,16,0,0,0,0,-0.9583263428671555,0,1,False
TXN0596,Laura Perez,Brittany Henry,1837.89,real-time,completed,2026-07-21 01:10:06.330745,1,1,0,1,0,-0.572754706641932,1,1,False
TXN0597,Adam Stout,Taylor Ramirez,4304.98,batch,completed,2026-07-28 00:36:06.784616,0,1,0,1,0,1.0745851520704646,0,1,False
TXN0598,Victoria Carson,Jaime Watts,1513.66,batch,completed,2026-07-07 02:37:03.494348,2,1,0,1,0,-0.7892514710041241,0,1,False
TXN0599,Douglas Baldwin,Jason Stone,3382.93,batch,completed,2026-07-29 18:49:22.691260,18,2,0,0,0,0.4589084979047207,0,1,False
TXN0600,Lisa Delgado,Carolyn Jones,490.09,batch,completed,2026-07-16 07:23:07.017631,7,3,0,0,0,-1.4727156572244273,0,1,False
TXN0601,Christina Boyer,Kelly Sullivan,2408.44,batch,completed,2026-07-23 06:33:26.463194,6,3,0,0,0,-0.1917837017785674,0,1,False
TXN0602,Roger Logan,Antonio Rollins,2294.33,batch,completed,2026-07-16 12:57:50.793052,12,3,0,0,0,-0.2679779027512404,0,1,False
TXN0603,Crystal Werner,Leonard Russell,4882.33,batch,completed,2026-07-29 10:14:37.322638,10,2,0,0,0,1.4600966929658528,0,1,False
TXN0604,Mrs. Joy Love DVM,Emily Cruz,3120.36,real-time,completed,2026-07-15 10:33:53.048961,10,2,0,0,0,0.28358371173878694,1,1,False
TXN0605,Kimberly Jones,Robert Haas,2407.11,batch,completed,2026-07-12 12:26:30.076209,12,6,1,0,0,-0.19267177720836015,0,1,False
TXN0606,Kathleen Campbell,Timothy Wilson,1536.4,batch,completed,2026-07-18 04:06:12.298393,4,5,1,1,0,-0.7740673843323286,0,1,False
TXN0607,Theresa Wood,Crystal Butler,1591.22,real-time,completed,2026-07-24 10:32:35.236416,10,4,0,0,0,-0.7374626512035762,1,1,False
TXN0608,Joseph Salas,Grace Gregory,3154.3,batch,completed,2026-07-23 20:55:21.073647,20,3,0,0,0,0.3062463283456796,0,1,False
TXN0609,James Miller,Scott Hoffman,3258.37,real-time,completed,2026-07-21 00:42:48.289777,0,1,0,1,0,0.37573656141224737,1,1,False
TXN0610,Justin Terry,Craig Harris,2086.7,batch,completed,2026-07-07 17:29:27.556535,17,1,0,0,0,-0.40661782868197466,0,1,False
TXN0611,Tonya Barry,Edward Watson,1.0,real-time,failed,2026-07-29 03:11:21.277288,3,2,0,1,0,-1.7992937113277014,1,1,False
TXN0612,Margaret Robles,Frank Robertson,4368.96,batch,completed,2026-07-08 00:04:24.937715,0,2,0,1,0,1.1173062543247074,0,1,False
TXN0613,Michael Rogers,Debra Huang,6365.63,real-time,completed,2026-07-12 07:08:35.254694,7,6,1,0,1,2.450534501245283,1,-1,True
TXN0614,Tiffany Ingram,Margaret Rivera,1804.89,batch,completed,2026-07-01 14:13:52.280332,14,2,0,0,0,-0.5947896609149861,0,1,False
TXN0615,Leah Oconnor,Steven Brown,2832.92,batch,completed,2026-07-09 01:25:28.243773,1,3,0,1,0,0.09165258276161486,0,1,False
TXN0616,Michael Moore,Cassandra Cardenas,2530.38,batch,completed,2026-07-13 12:40:46.973461,12,0,0,0,0,-0.11036120711019706,0,1,False
TXN0617,Jean Wilson,Carol Lopez,1080.25,real-time,completed,2026-07-18 01:51:35.572253,1,5,1,1,0,-1.0786505477157722,1,1,False
TXN0618,Nicholas Murray,Samuel Roberts,2931.11,real-time,completed,2026-07-18 12:55:23.487042,12,5,1,0,0,0.15721658761225688,1,1,False
TXN0619,Travis Torres,Shannon Horn,223.95,batch,completed,2026-07-15 01:18:42.441550,1,2,0,1,0,-1.6504242248071737,0,1,False
TXN0620,Jillian Barron DDS,Elizabeth Richards,2143.04,batch,completed,2026-07-10 02:17:11.912611,2,4,0,1,0,-0.36899815220488763,0,1,False
TXN0621,Ronald Hatfield,Alex Hawkins,3099.81,batch,completed,2026-07-16 12:54:25.040467,12,3,0,0,0,0.2698619447596577,0,1,False
TXN0622,Adam Santiago,Teresa Burns,2851.65,batch,completed,2026-07-06 16:04:10.067738,16,0,0,0,0,0.10415908862629075,0,1,False
TXN0623,Cheryl Henry,Sharon Trujillo DDS,1.0,batch,completed,2026-07-06 01:52:13.845901,1,0,0,1,0,-1.7992937113277014,0,1,False
TXN0624,Rebecca Mercado,Brandi Hamilton,2490.01,batch,completed,2026-07-04 07:24:37.214143,7,5,1,0,0,-0.13731730117089988,0,1,False
TXN0625,Roberto Jordan,Patrick Morgan,46.47,batch,completed,2026-07-24 05:30:12.733157,5,4,0,1,0,-1.7689322152429812,0,1,False
TXN0626,Tony Chen,Mr. Jerry Brown,1428.99,batch,completed,2026-07-21 15:05:43.532238,15,1,0,0,0,-0.8457878218616844,0,1,False
TXN0627,Rodney Tanner,Michael Harris,2395.66,real-time,completed,2026-07-30 08:29:36.611632,8,3,0,0,0,-0.20031723861522305,1,1,False
TXN0628,Barbara Walker,Suzanne Miller,4309.43,batch,completed,2026-07-25 09:40:03.187415,9,5,1,0,0,1.0775565322678922,0,1,False
TXN0629,Cynthia Anderson,Ashley Nelson,2930.2,real-time,completed,2026-07-02 21:45:08.273234,21,3,0,0,0,0.15660895705503,1,1,False
TXN0630,Javier Austin,Tiffany Horton,3894.46,real-time,completed,2026-07-25 00:56:32.982191,0,5,1,1,0,0.8004703209136717,1,1,False
TXN0631,Joseph Thompson,Erik Gould,877.24,batch,completed,2026-07-25 05:08:38.480897,5,5,1,1,0,-1.2142055800482787,0,1,False
TXN0632,Devon Le,Debra Green,4498.48,batch,completed,2026-07-15 19:38:19.497508,19,2,0,0,0,1.2037901112170093,0,1,False
TXN0633,Brandon Mahoney,Gary Lewis,939.22,real-time,completed,2026-07-14 09:19:32.550195,9,1,0,0,0,-1.1728199295681607,1,1,False
TXN0634,Jamie Walton,Michael Williams,3869.25,batch,completed,2026-07-25 17:11:26.259184,17,5,1,0,0,0.7836369513008324,0,1,False
TXN0635,James Harrison,Nicole Smith,4301.55,real-time,failed,2026-07-23 15:25:42.124679,15,3,0,0,0,1.0722948522778415,1,1,False
TXN0636,Christine Khan,Michael Webb,3620.29,batch,completed,2026-07-24 17:53:43.931760,17,4,0,0,0,0.6173999144578156,0,1,False
TXN0637,Daniel Castillo,Christopher Mendoza,3771.62,batch,completed,2026-07-25 19:41:52.808986,19,5,1,0,0,0.7184468729469452,0,1,False
TXN0638,Frank Moss,Brandy Mckee,2575.39,real-time,completed,2026-07-04 09:53:12.226571,9,5,1,0,0,-0.08030686493352553,1,1,False
TXN0639,Stephanie Morris,Ronald Smith,784.84,batch,completed,2026-07-27 12:49:11.234520,12,0,0,0,0,-1.2759034520128303,0,1,False
TXN0640,Renee Rodriguez,Gregory White,789.58,batch,completed,2026-07-10 14:07:26.899691,14,4,0,0,0,-1.2727384313081553,0,1,False
TXN0641,Donald Little,Pamela Garcia,4743.9,batch,completed,2026-07-13 07:24:51.960511,7,0,0,0,0,1.3676633984198259,0,1,False
TXN0642,Erin Hart,Samantha Larson,2789.96,batch,completed,2026-07-07 08:37:04.417484,8,1,0,0,0,0.06296707865342076,0,1,False
TXN0643,Christopher Cole,Dr. James Gonzales PhD,2456.36,real-time,completed,2026-07-06 04:33:45.902874,4,0,0,1,0,-0.1597862772705445,1,1,False
TXN0644,Brenda Weaver,Kimberly Walls,2612.96,real-time,completed,2026-07-03 05:36:46.936717,5,4,0,1,0,-0.05522040335659682,1,1,False
TXN0645,Amanda Edwards,Walter Stephens DDS,3248.31,batch,completed,2026-07-08 09:55:34.983051,9,2,0,0,0,0.3690192389884012,0,1,False
TXN0646,Brandon Hernandez,Paul Green,3227.09,batch,completed,2026-07-30 13:38:17.594408,13,3,0,0,0,0.3548500956649405,0,1,False
TXN0647,Erika Roman,Mr. Michael Huerta,2113.49,batch,completed,2026-07-26 03:40:04.371937,3,6,1,1,0,-0.3887294521675771,0,1,False
TXN0648,Madeline Chen,Zachary Johnson,2935.06,batch,completed,2026-07-18 22:56:29.051972,22,5,1,0,0,0.15985410486615262,0,1,False
TXN0649,Meredith Simpson,Barbara Clark,2240.36,batch,completed,2026-07-25 13:36:29.802571,13,5,1,0,0,-0.30401506887598967,0,1,False
TXN0650,Kyle Johnson,Daniel Cunningham,2949.53,batch,completed,2026-07-10 05:09:21.839366,5,4,0,1,0,0.1695160984519435,0,1,False
TXN0651,Tiffany Smith,Tara Green,4350.08,batch,completed,2026-07-06 12:02:22.324917,12,0,0,0,0,1.1046995895769722,0,1,False
TXN0652,Robert Meza,Melissa Rice,2673.08,batch,completed,2026-07-11 13:27:50.807276,13,5,1,0,0,-0.015076723026414657,0,1,False
TXN0653,Teresa Mitchell,Harold Carr,1449.93,batch,completed,2026-07-06 18:57:14.180333,18,0,0,0,0,-0.831805641786601,0,1,False
TXN0654,Logan Gonzalez,Kimberly Rose,2569.24,real-time,pending,2026-07-27 02:12:49.217298,2,0,0,1,0,-0.0844133791389584,1,1,False
TXN0655,Annette Dean,Gary Stevenson,1913.04,real-time,completed,2026-07-11 11:40:25.463147,11,5,1,0,0,-0.5225751062292042,1,1,False
TXN0656,Kristin Kelly,Tonya Huff,4020.69,batch,completed,2026-07-04 18:41:22.805105,18,5,1,0,0,0.884757359637539,0,1,False
TXN0657,Ashley Mcguire,Jason Robinson,2286.08,batch,completed,2026-07-06 23:08:38.243353,23,0,0,0,0,-0.27348664131950395,0,1,False
TXN0658,David Massey,Robert Olson,1.0,batch,completed,2026-07-02 00:49:13.108860,0,3,0,1,0,-1.7992937113277014,0,1,False
TXN0659,Diana Young,Billy Weeks,3483.93,batch,completed,2026-07-18 07:25:57.919843,7,5,1,0,0,0.5263488124980076,0,1,False
TXN0660,Emma Lucero,Robert Williams,1930.5,real-time,completed,2026-07-08 06:17:18.421801,6,2,0,0,0,-0.5109166122410974,1,1,False
TXN0661,Derrick Phillips,Melissa Abbott,849.41,batch,completed,2026-07-03 12:24:18.241234,12,4,0,0,0,-1.2327883914852211,0,1,False
TXN0662,Diane Smith,Mary Nunez,2111.24,batch,completed,2026-07-29 16:28:10.241511,16,2,0,0,0,-0.3902318354134672,0,1,False
TXN0663,James Mcintosh,Joseph Mcfarland,2699.78,batch,completed,2026-07-12 17:02:33.037912,17,6,1,0,0,0.002751558158147499,0,1,False
TXN0664,Stephen Wood,Joshua Wright,2802.43,batch,completed,2026-07-06 06:41:13.842635,6,0,0,0,0,0.07129362046508683,0,1,False
TXN0665,Laura Thomas MD,Paul Love,1433.3,batch,completed,2026-07-20 23:17:11.699802,23,0,0,0,0,-0.8429099232884463,0,1,False
TXN0666,Joseph Burke,Traci Walter,3129.77,batch,completed,2026-07-06 15:50:27.768249,15,0,0,0,0,0.2898670123360426,0,1,False
TXN0667,Ryan Patel,Jennifer Dean,975.24,real-time,completed,2026-07-28 17:40:13.620800,17,1,0,0,0,-1.1487684431161787,1,1,False
TXN0668,Lauren Jones,Cindy Gonzalez,5579.43,real-time,completed,2026-07-12 15:35:04.541107,15,6,1,0,1,1.925568408836945,1,1,False
TXN0669,Carolyn Carpenter,Lisa Reeves DDS,5060.78,batch,completed,2026-07-17 22:45:34.528959,22,4,0,0,1,1.5792523775121106,0,1,False
TXN0670,Patricia Sanchez,Edward Kennedy,1839.46,real-time,completed,2026-07-17 03:18:54.794981,3,4,0,1,0,-0.5717063769992442,1,1,False
TXN0671,Kristen Gill,Theresa Mccoy,6389.18,batch,completed,2026-07-12 21:47:55.695092,21,6,1,0,1,2.4662594458855986,0,1,False
TXN0672,Anthony Gonzalez,Robert Davis,3800.25,batch,completed,2026-07-18 12:59:22.994327,12,5,1,0,0,0.7375638650935374,0,1,False
TXN0673,Angela Nguyen,Sarah Mathews,1.0,batch,completed,2026-07-12 20:36:01.740924,20,6,1,0,0,-1.7992937113277014,0,1,False
TXN0674,Brian Sanchez,Cindy Phillips,2157.0,real-time,completed,2026-07-17 09:22:37.012833,9,4,0,0,0,-0.3596766988214986,1,1,False
TXN0675,Tina Gentry,Cynthia Kim,2875.29,batch,completed,2026-07-17 20:41:51.724620,20,4,0,0,0,0.11994412859644217,0,1,False
TXN0676,Casey Rodriguez,Larry Morris,3678.05,batch,completed,2026-07-01 04:18:32.413609,4,2,0,1,0,0.6559677616945311,0,1,False
TXN0677,Tonya Hicks,Natalie Ramos,1.0,real-time,completed,2026-07-28 18:45:16.681662,18,1,0,0,0,-1.7992937113277014,1,1,False
TXN0678,Marcus Price,Dr. Jim Friedman,2108.18,batch,completed,2026-07-23 17:14:10.889512,17,3,0,0,0,-0.3922750766278776,0,1,False
TXN0679,Jared Hansen,John Lopez,2012.96,batch,completed,2026-07-19 10:08:16.894821,10,6,1,0,0,-0.45585593559394455,0,1,False
TXN0680,Amber Jones,Susan Austin,3540.29,batch,completed,2026-07-17 19:22:25.094258,19,4,0,0,0,0.5639818434928359,0,1,False
TXN0681,Brian Moore,Matthew Hendrix,2459.17,batch,completed,2026-07-24 21:42:58.404704,21,4,0,0,0,-0.15790996752789965,0,1,False
TXN0682,Stephen Garza,Whitney Hernandez,1830.33,real-time,completed,2026-07-22 00:24:37.360724,0,2,0,1,0,-0.5778027143481226,1,1,False
TXN0683,Stephanie House,Kylie Butler,1.0,real-time,completed,2026-07-23 18:34:32.303656,18,3,0,0,0,-1.7992937113277014,1,1,False
TXN0684,Mackenzie Kim,Richard Palmer,2497.03,batch,completed,2026-07-07 11:31:21.648050,11,1,0,0,0,-0.1326298654437229,0,1,False
TXN0685,Edward Green,Jorge Gonzalez,3830.09,batch,completed,2026-07-02 12:50:08.887647,12,3,0,0,0,0.757488805563475,0,1,False
TXN0686,Katherine Franklin,Joshua Perry,3108.3,real-time,completed,2026-07-20 13:32:44.254727,13,0,0,0,0,0.2755309375408163,1,1,False
TXN0687,Matthew Hendrix,Oscar Wade,2358.13,real-time,completed,2026-07-03 16:18:18.262869,16,4,0,0,0,-0.22537699115666898,1,1,False
TXN0688,Jason Ramos,Michael Castaneda,1807.67,batch,completed,2026-07-28 09:34:16.402735,9,1,0,0,0,-0.592933382948953,0,1,False
TXN0689,Susan Roberts,Toni Martin,1818.37,batch,completed,2026-07-03 14:54:59.726505,14,4,0,0,0,-0.5857887159573871,0,1,False
TXN0690,Natalie Harris,Dennis Page,475.27,real-time,completed,2026-07-17 21:41:29.865574,21,4,0,0,0,-1.4826113548706898,1,1,False
TXN0691,Carrie Brown,Jason Kramer,1561.51,batch,completed,2026-07-25 08:56:49.027240,8,5,1,0,0,-0.7573007873081956,0,1,False
TXN0692,James Cannon,Shelly Cervantes,348.1,batch,completed,2026-07-12 18:31:42.359928,18,6,1,0,0,-1.567526055928396,0,1,False
TXN0693,Stacey Gilbert,Monica Davis,2715.15,batch,completed,2026-07-24 04:38:16.250292,4,4,0,1,0,0.01301450504229415,0,1,False
TXN0694,Stephanie Arnold,Nicholas Perez,3307.76,batch,completed,2026-07-05 23:35:56.406305,23,6,1,0,0,0.40871554297425194,0,1,False
TXN0695,Julie Ayala,Jerry Cervantes,3254.9,real-time,completed,2026-07-22 09:21:30.454215,9,2,0,0,0,0.37341955258414156,1,1,False
TXN0696,Carrie Henry,Colin Trevino,2241.38,real-time,completed,2026-07-07 19:33:57.690907,19,1,0,0,0,-0.3033339884711862,1,1,False
TXN0697,Casey Smith,Paula Contreras,789.8,batch,completed,2026-07-02 19:27:00.039132,19,3,0,0,0,-1.2725915316130016,0,1,False
TXN0698,David Parker,Lynn Hill,2950.37,batch,completed,2026-07-09 17:45:05.067749,17,3,0,0,0,0.17007698819707556,0,1,False
TXN0699,Sarah Martinez,Joanna Banks,1714.44,batch,completed,2026-07-01 19:56:53.315638,19,2,0,0,0,-0.6551854673997662,0,1,False
TXN0700,Lindsey Lee,Antonio Williams,657.51,batch,completed,2026-07-09 23:47:08.054210,23,3,0,0,0,-1.3609249892124662,0,1,False
TXN0701,Tyler Alvarado,Danielle Schneider,4590.2,real-time,completed,2026-07-29 15:27:24.366217,15,2,0,0,0,1.2650339295783586,1,1,False
TXN0702,Russell Keller,Sandra Johnson,3411.13,batch,completed,2026-07-07 22:08:30.971526,22,1,0,0,0,0.4777383679198763,0,1,False
TXN0703,Alicia Sanders,Mary Cox,3577.12,real-time,completed,2026-07-30 06:04:52.805373,6,3,0,0,0,0.5885741879133384,1,1,False
TXN0704,Sylvia Taylor,Matthew Brennan,2216.78,batch,completed,2026-07-16 14:04:25.565425,14,3,0,0,0,-0.3197600452929174,0,1,False
TXN0705,James Williams,Tamara White,1006.35,batch,completed,2026-07-16 14:03:33.124539,14,3,0,0,0,-1.1279954907696723,0,1,False
TXN0706,Philip George,Michael Butler,1869.25,batch,completed,2026-07-13 01:50:39.832100,1,0,0,1,0,-0.55181482282366,0,1,False
TXN0707,Ashley Williams,Jacob Lamb,6857.45,batch,completed,2026-07-24 21:50:09.288877,21,4,0,0,1,2.7789354470202365,0,1,False
TXN0708,Angela Thomas,Thomas Garza,3130.18,real-time,completed,2026-07-29 13:58:33.562323,13,2,0,0,0,0.290140779949738,1,1,False
TXN0709,Joshua Davis,Benjamin Gilmore,2053.56,batch,completed,2026-07-10 21:53:14.681605,21,4,0,0,0,-0.4287462645792174,0,1,False
TXN0710,Lisa Miller,Jonathan Hernandez,5579.14,real-time,completed,2026-07-20 01:31:53.206004,1,0,0,1,1,1.9253747683296967,1,-1,True
TXN0711,Nicole Davis,Mariah Hansen,4821.32,batch,completed,2026-07-17 04:07:51.641143,4,4,0,1,0,1.419358736596185,0,1,False
TXN0712,Bobby Acevedo,Michael Richardson,1404.33,batch,completed,2026-07-08 13:03:52.833875,13,2,0,0,0,-0.8622539422366395,0,1,False
TXN0713,Michael Hamilton,Janet Velez,3724.98,batch,completed,2026-07-15 10:26:34.427297,10,2,0,0,0,0.6873041375743622,0,1,False
TXN0714,Valerie Wilson,Casey Miller,2648.32,real-time,pending,2026-07-29 16:29:52.036188,16,2,0,0,0,-0.031609615990075716,1,1,False
TXN0715,Maria Anderson,Shawna Wood,3771.15,batch,completed,2026-07-13 09:43:04.623060,9,0,0,0,0,0.7181330417800261,0,1,False
TXN0716,Robert Lewis DDS,Michael Lewis,4634.31,batch,completed,2026-07-17 15:40:31.216166,15,4,0,0,0,1.2944873184566748,0,1,False
TXN0717,Sonia Brown,Jennifer Jackson,3668.24,batch,completed,2026-07-17 22:51:29.970901,22,4,0,0,0,0.6494173707424502,0,1,False
TXN0718,William Jackson,Jenny Perkins,2968.08,batch,completed,2026-07-20 04:04:59.635415,4,0,0,1,0,0.18190241365694798,0,1,False
TXN0719,Mrs. Angela Cannon,Wesley Wells,3064.13,real-time,completed,2026-07-28 17:57:11.926450,17,1,0,0,0,0.24603748510927684,1,1,False
TXN0720,Daniel Johnson,Alexander Davis,3461.59,batch,completed,2026-07-08 09:28:54.598470,9,2,0,0,0,0.5114318161810373,0,1,False
TXN0721,Dylan Brown,Marvin Torres,3972.91,batch,completed,2026-07-07 23:51:30.791714,23,1,0,0,0,0.8528534167537047,0,1,False
TXN0722,Robert Ramirez,Charles Garza,2098.93,real-time,completed,2026-07-24 19:11:02.417027,19,4,0,0,0,-0.39845154108320335,1,1,False
TXN0723,Austin Bean,George Bradley,1.0,real-time,completed,2026-07-24 09:59:47.379920,9,4,0,0,0,-1.7992937113277014,1,1,False
TXN0724,Jennifer Moore,Nancy Cummings,1863.93,real-time,completed,2026-07-07 17:40:21.962020,17,1,0,0,0,-0.5553671245428311,1,1,False
TXN0725,Todd Mitchell,Timothy Cook,3103.63,batch,completed,2026-07-17 03:24:48.131035,3,4,0,1,0,0.2724126576482356,0,1,False
TXN0726,Javier Reyes,Tamara Montoya,212.27,batch,completed,2026-07-24 07:26:45.950626,7,4,0,0,0,-1.6582232631680607,0,1,False
TXN0727,Amanda Hill,Ashley Mcgee,1383.31,batch,completed,2026-07-14 10:51:33.725206,10,1,0,0,0,-0.8762895403826879,0,1,False
TXN0728,Michael Wright,Patricia Gentry,3908.81,real-time,completed,2026-07-08 01:40:08.248020,1,2,0,1,0,0.8100521873930149,1,1,False
TXN0729,Christopher Peterson,Eric Hampton,5766.1,real-time,completed,2026-07-18 06:44:16.672750,6,5,1,0,1,2.0502128001748545,1,1,False
TXN0730,Jeff Mcneil,Debra Nelson,1.0,batch,failed,2026-07-23 11:46:07.351635,11,3,0,0,0,-1.7992937113277014,0,1,False
TXN0731,Amanda Robinson,Jacob Rogers,3697.24,batch,completed,2026-07-02 21:54:48.045697,21,3,0,0,0,0.6687814214672553,0,1,False
TXN0732,Robert Johnston,Adam Coleman,433.98,batch,completed,2026-07-14 07:58:56.222088,7,1,0,0,0,-1.51018175674749,0,1,False
TXN0733,Linda Wilson,Kevin Taylor,3498.71,batch,completed,2026-07-27 12:25:51.187553,12,0,0,0,0,0.5362178011087877,0,1,False
TXN0734,John Martinez,John Hunter,4086.49,batch,completed,2026-07-23 08:45:59.989468,8,3,0,0,0,0.9286937230062347,0,1,False
TXN0735,Sarah Hodges,Taylor Rojas,2668.84,batch,completed,2026-07-28 10:32:10.629207,10,1,0,0,0,-0.017907880787558436,0,1,False
TXN0736,Christopher Sanchez,Timothy Price,799.08,batch,completed,2026-07-01 00:38:08.820082,0,2,0,1,0,-1.266395035381064,0,1,False
TXN0737,Kenneth Johnson,Jesse Taylor,1118.25,batch,completed,2026-07-16 18:46:03.122547,18,3,0,0,0,-1.053276964007407,0,1,False
TXN0738,Yolanda Crane,Eugene Johnson,4531.93,batch,completed,2026-07-04 10:22:38.595616,10,5,1,0,0,1.2261255421392419,0,1,False
TXN0739,Nicole Rodriguez,Jason Thomas,2948.24,batch,completed,2026-07-20 03:30:20.430440,3,0,0,1,0,0.1686547320576329,0,1,False
TXN0740,Frank Bush,John Lee,3053.98,batch,completed,2026-07-19 01:31:05.320808,1,6,1,1,0,0.239260067355595,0,1,False
TXN0741,Steven Brown,Jesse Downs,3236.58,batch,completed,2026-07-19 17:29:34.702284,17,6,1,0,0,0.3611868143331611,0,1,False
TXN0742,Kimberly Lee,Karen Hendricks,5092.06,batch,completed,2026-07-23 22:08:37.099734,22,3,0,0,1,1.600138843259418,0,1,False
TXN0743,Kimberly Brennan,Erika Garcia,2463.34,real-time,completed,2026-07-09 11:18:42.505251,11,3,0,0,0,-0.15512555057885002,1,1,False
TXN0744,Veronica Wilcox,James Figueroa,3073.69,real-time,completed,2026-07-28 12:36:20.509066,12,1,0,0,0,0.25242094458959186,1,1,False
TXN0745,Tara Knight,Alexis Downs,1703.38,batch,completed,2026-07-13 04:18:41.103094,4,0,0,1,0,-0.6625705157106747,0,1,False
TXN0746,Keith Paul,William Avery,4085.62,batch,completed,2026-07-03 10:41:02.232575,10,4,0,0,0,0.9281128014844906,0,1,False
TXN0747,Shane Welch,Christina Doyle,1546.78,real-time,completed,2026-07-11 14:38:30.480399,14,5,1,0,0,-0.7671363896246225,1,1,False
TXN0748,Tammy Rodriguez,Robert Baker,2374.18,real-time,completed,2026-07-16 11:58:03.432873,11,3,0,0,0,-0.2146599906693201,1,1,False
TXN0749,Kristin Thomas,Carmen May,3050.33,real-time,completed,2026-07-26 23:27:40.802539,23,6,1,0,0,0.23682286786781773,1,1,False
TXN0750,Mrs. Beverly Hill PhD,Tina Jenkins,6775.4,batch,completed,2026-07-01 09:36:51.264791,9,2,0,0,1,2.724148537986779,0,1,False
TXN0751,Shelby Wiggins,Megan Burke,1850.88,batch,completed,2026-07-08 14:11:33.497691,14,2,0,0,0,-0.5640809473689934,0,1,False
TXN0752,Isabel Downs,Kimberly Johnson,4880.93,real-time,completed,2026-07-22 13:47:33.332371,13,2,0,0,0,1.4591618767239658,1,1,False
TXN0753,Adam Haynes,Gina Bell,2465.79,batch,completed,2026-07-23 14:06:24.048036,14,3,0,0,0,-0.15348962215554765,0,1,False
TXN0754,Betty Solis,Katelyn Williams,2985.29,batch,completed,2026-07-27 01:31:29.082963,1,0,0,1,0,0.19339397617328924,0,1,False
TXN0755,Jennifer Russell,Ryan Frost,1554.06,real-time,completed,2026-07-02 08:55:20.833744,8,3,0,0,0,-0.7622753451668094,1,1,False
TXN0756,Paul Hanna,Brent Howard,657.42,real-time,completed,2026-07-20 17:49:00.630239,17,0,0,0,0,-1.3609850845423017,1,1,False
TXN0757,Jack Lawrence,Melanie Hamilton,1516.46,batch,pending,2026-07-16 15:02:40.980834,15,3,0,0,0,-0.7873818385203498,0,1,False
TXN0758,Tracy Wright DDS,Andrew Diaz,3469.76,batch,completed,2026-07-04 04:57:46.105733,4,5,1,1,0,0.5168871366783359,0,1,False
TXN0759,Lauren Flynn,Justin Moore,4445.39,batch,completed,2026-07-10 05:17:49.222865,5,4,0,1,0,1.1683405438728751,0,1,False
TXN0760,Cynthia Flores,Brenda Henderson,2211.07,real-time,completed,2026-07-22 20:35:11.858098,20,2,0,0,0,-0.32357276010804287,1,1,False
TXN0761,Jeremiah Snyder,Margaret Carr,3711.12,real-time,completed,2026-07-05 04:55:54.675344,4,6,1,1,0,0.6780494567796793,1,1,False
TXN0762,Pedro Mahoney,Jacqueline Cherry,2385.04,real-time,completed,2026-07-05 04:43:47.016273,4,6,1,1,0,-0.20740848753582403,1,1,False
TXN0763,Joan Carrillo,Katherine Kim,4667.33,batch,completed,2026-07-22 22:43:59.263128,22,2,0,0,0,1.3165356272474698,0,1,False
TXN0764,Jessica White,Crystal Tucker,2831.8,batch,completed,2026-07-11 21:53:06.708224,21,5,1,0,0,0.09090472976810522,0,1,False
TXN0765,Mr. Marc Meadows,Eric Phillips,3579.67,batch,completed,2026-07-01 04:56:29.505549,4,2,0,1,0,0.5902768889253472,0,1,False
TXN0766,Dr. Andrea Guzman DDS,Michelle Wright,2941.67,real-time,completed,2026-07-22 02:04:00.667164,2,2,0,1,0,0.16426777297963416,1,1,False
TXN0767,Robert Ward,Robin Davis,1689.6,real-time,completed,2026-07-11 12:37:00.900086,12,5,1,0,0,-0.6717717784343925,1,1,False
TXN0768,John Moore,Jeffrey Conway,3792.17,batch,completed,2026-07-29 07:36:38.262905,7,2,0,0,0,0.7321686399260745,0,1,False
TXN0769,Jennifer Mcmahon,Dawn Franco,864.94,real-time,pending,2026-07-11 19:40:33.880780,19,5,1,0,0,-1.2224186084591444,1,1,False
TXN0770,David Koch,Brad Miller,1418.84,batch,completed,2026-07-01 17:12:12.115610,17,2,0,0,0,-0.8525652396153663,0,1,False
TXN0771,Ricky Jimenez MD,Brian Fletcher,3490.36,batch,completed,2026-07-20 00:45:00.134379,0,0,0,1,0,0.5306422899518181,0,1,False
TXN0772,Justin Livingston,Andrew Smith,186.25,batch,completed,2026-07-16 06:27:27.642892,6,3,0,0,0,-1.6755974907494202,0,1,False
TXN0773,Tyler Davis,Mark Flores,2490.64,batch,completed,2026-07-05 02:20:46.659956,2,6,1,1,0,-0.1368966338620509,0,1,False
TXN0774,Leah Jones,Rebecca Doyle,2923.35,batch,completed,2026-07-24 15:54:00.032596,15,4,0,0,0,0.15203503472865368,0,1,False
TXN0775,Raymond Mcmahon,Sara Valencia,3145.38,batch,completed,2026-07-03 03:47:59.147794,3,4,0,1,0,0.3002902134330843,0,1,False
TXN0776,Jennifer Reynolds,Charles Turner,3717.78,batch,completed,2026-07-18 18:01:17.010517,18,5,1,0,0,0.6824965111875141,0,1,False
TXN0777,Amber Parker,Kara Jackson,666.76,batch,completed,2026-07-03 03:23:05.769919,3,4,0,1,0,-1.3547485247571405,0,1,False
TXN0778,Bridget Benson,Paige Hernandez,6076.05,batch,completed,2026-07-01 23:30:04.340586,23,2,0,0,1,2.2571744388697974,0,1,False
TXN0779,Rebecca Nicholson,Logan Maxwell,2547.53,batch,completed,2026-07-15 20:52:47.844336,20,2,0,0,0,-0.09890970814707949,0,1,False
TXN0780,Angela Cooper,Jessica Sweeney,2924.14,batch,completed,2026-07-29 02:30:47.417166,2,2,0,1,0,0.15256253817943283,0,1,False
TXN0781,Michael Jones,Kevin King,3252.18,batch,completed,2026-07-19 03:52:29.253751,3,6,1,1,0,0.37160333817133206,0,1,False
TXN0782,Erik Clarke,Diane Wood,5027.9,real-time,completed,2026-07-25 03:22:11.097350,3,5,1,1,1,1.5572975503455038,1,1,False
TXN0783,Christopher Murray,Joseph Brown,2916.31,real-time,completed,2026-07-21 14:19:02.962892,14,1,0,0,0,0.1473342444837355,1,1,False
TXN0784,Melinda Hansen,Richard Smith,3071.21,batch,completed,2026-07-08 13:29:11.671063,13,2,0,0,0,0.2507649843896775,0,1,False
TXN0785,Amber Brown,Crystal Brown,2206.25,real-time,completed,2026-07-06 11:13:49.659391,11,0,0,0,0,-0.326791198883683,1,1,False
TXN0786,Kyle Hensley,Dawn Moore,2029.84,batch,completed,2026-07-23 18:24:29.539302,18,3,0,0,0,-0.4445847226203339,0,1,False
TXN0787,Ariel Barron,Willie Butler,2084.93,batch,completed,2026-07-02 22:35:25.405932,22,3,0,0,0,-0.40779970350207484,0,1,False
TXN0788,Linda Hubbard,Maria Pineda,1183.44,batch,completed,2026-07-11 10:07:17.445419,10,5,1,0,0,-1.009747913429819,0,1,False
TXN0789,Joseph Mccarthy,Eric Perkins,1.0,batch,completed,2026-07-11 12:29:06.911631,12,5,1,0,0,-1.7992937113277014,0,1,False
TXN0790,Terry Bowen,Tim Kelly,2785.0,batch,completed,2026-07-04 18:16:48.311615,18,5,1,0,0,0.05965515825359199,0,1,False
TXN0791,Henry Stuart,Jamie Martin,479.66,batch,completed,2026-07-28 22:53:19.216233,22,1,0,0,0,-1.4796800382264867,0,1,False
TXN0792,Edwin Robinson,Alexa Stafford,3828.02,real-time,completed,2026-07-25 20:01:28.621095,20,5,1,0,0,0.756106612977256,1,1,False
TXN0793,Monica Smith,Andrew Klein,1660.84,batch,completed,2026-07-28 01:54:47.157321,1,1,0,1,0,-0.6909755749463028,0,1,False
TXN0794,Kelli Hodge,Christopher King,5787.97,batch,completed,2026-07-26 06:53:24.695302,6,6,1,0,1,2.0648159653249056,0,1,False
TXN0795,Michael Bradley,Jose Baldwin,1842.6,real-time,completed,2026-07-26 15:33:04.417241,15,6,1,0,0,-0.5696097177138689,1,1,False
TXN0796,Brian Henderson,Ashley Cooke,2886.45,batch,completed,2026-07-09 09:50:12.477887,9,3,0,0,0,0.12739594949605673,0,1,False
TXN0797,Tommy Malone,David Fisher,938.89,real-time,completed,2026-07-01 11:48:53.083038,11,2,0,0,0,-1.1730402791108914,1,1,False
TXN0798,Tommy Berg,Spencer Taylor,2849.42,real-time,completed,2026-07-17 15:39:25.048520,15,4,0,0,0,0.10267005989814193,1,1,False
TXN0799,Thomas Meyers,Crystal Wright,1.0,batch,completed,2026-07-13 15:18:14.853343,15,0,0,0,0,-1.7992937113277014,0,1,False
TXN0800,Kevin Malone,Heidi Freeman,5260.64,real-time,completed,2026-07-27 10:25:27.662589,10,0,0,0,1,1.7127040733003713,1,1,False
TXN0801,Connor Jackson,Nicole Maddox,4474.88,batch,completed,2026-07-09 11:32:02.347374,11,3,0,0,0,1.1880317802823406,0,1,False
TXN0802,Benjamin Lucas,Jared Knapp,934.03,batch,completed,2026-07-19 01:32:48.347666,1,6,1,1,0,-1.1762854269220138,0,1,False
TXN0803,James Moran,Bruce Vaughn,2857.59,real-time,completed,2026-07-07 02:56:29.534475,2,1,0,1,0,0.10812538039544053,1,1,False
TXN0804,Kelsey Kim,Dustin Avila,3075.34,batch,completed,2026-07-07 03:29:04.928267,3,1,0,1,0,0.25352269230324465,0,1,False
TXN0805,Brent Howard,Ralph Stone,4708.74,batch,completed,2026-07-13 02:54:49.257228,2,0,0,1,0,1.3441861562307174,0,1,False
TXN0806,Joanna Brooks,Michelle Schneider,2040.44,batch,completed,2026-07-24 02:12:22.114740,2,4,0,1,0,-0.437506828217474,0,1,False
TXN0807,Benjamin Arroyo,Anthony Garner,3232.95,real-time,completed,2026-07-09 17:45:22.193965,17,3,0,0,0,0.3587629693631251,1,1,False
TXN0808,John Lopez,Paul Johnson,37.8,batch,completed,2026-07-10 17:16:32.411984,17,4,0,0,0,-1.7747213986838106,0,1,False
TXN0809,Michele Hopkins,Patrick Andrews,3951.65,batch,completed,2026-07-27 04:05:12.429762,4,0,0,1,0,0.8386575643947616,0,1,False
TXN0810,Teresa Walker,Andrea Mills,4184.13,batch,completed,2026-07-15 07:36:00.575735,7,2,0,0,0,0.9938904786189926,0,1,False
TXN0811,Susan Walker,David Ramos,4381.2,real-time,completed,2026-07-13 07:33:27.504745,7,0,0,0,0,1.1254792191823493,1,1,False
TXN0812,Natalie Allen,Robert Powell,1548.66,batch,completed,2026-07-29 22:40:10.328192,22,2,0,0,0,-0.7658810649569454,0,1,False
TXN0813,Heidi Collins,Gordon Porter PhD,2944.06,batch,completed,2026-07-01 19:27:17.086917,19,2,0,0,0,0.16586363784971284,0,1,False
TXN0814,Joshua Lawrence,Patrick Harrison,3636.23,batch,completed,2026-07-12 22:02:31.248224,22,6,1,0,0,0.6280434650975878,0,1,False
TXN0815,Christopher Huffman,Anthony Cox,3143.1,batch,completed,2026-07-23 08:15:30.701720,8,3,0,0,0,0.29876779841058226,0,1,False
TXN0816,Melissa Young,Jorge Buchanan,3464.79,real-time,completed,2026-07-06 07:17:03.702192,7,0,0,0,0,0.5135685390196363,1,1,False
TXN0817,Kristy Bruce,Autumn Chase,4921.8,real-time,completed,2026-07-04 14:38:27.966195,14,5,1,0,0,1.4864518337281998,1,1,False
TXN0818,Elizabeth Lopez,Jordan Norris,2198.62,real-time,completed,2026-07-13 20:50:32.201158,20,0,0,0,0,-0.33188594740196803,1,1,False
TXN0819,Debra Thomas,Michael Wheeler,3040.63,batch,completed,2026-07-12 09:46:31.844617,9,6,1,0,0,0.23034592676331406,0,1,False
TXN0820,Jose White,Ryan Thornton,3192.67,batch,completed,2026-07-16 16:31:00.952978,16,3,0,0,0,0.33186697063225795,0,1,False
TXN0821,Peter Navarro,Jacqueline Harris,2928.58,real-time,completed,2026-07-14 19:40:16.194228,19,1,0,0,0,0.15552724111798924,1,1,False
TXN0822,Tracy Wright,Bradley Roth,3248.12,batch,completed,2026-07-20 17:14:55.666975,17,0,0,0,0,0.3688923710698594,0,1,False
TXN0823,Lisa Moore,Sarah Evans,4654.43,real-time,completed,2026-07-03 07:59:25.237046,7,4,0,0,0,1.307921963304367,1,1,False
TXN0824,Isaiah Graham,Alexandra Allen,2854.98,batch,completed,2026-07-20 20:00:26.684218,20,0,0,0,0,0.10638261583020799,0,1,False
TXN0825,Christopher Strong,Jacob Johnson,1658.7,batch,completed,2026-07-21 08:50:33.582821,8,1,0,0,0,-0.6924045083446159,0,1,False
TXN0826,Ricardo Hawkins,Andrew Nguyen,4953.99,real-time,completed,2026-07-03 12:22:59.381200,12,4,0,0,0,1.5079459300327331,1,1,False
TXN0827,Derek Anderson,David Gutierrez,3471.06,real-time,completed,2026-07-13 01:18:47.404212,1,0,0,1,0,0.5177551803315166,1,1,False
TXN0828,Michael Delgado,Michael Garcia,3136.52,batch,completed,2026-07-27 00:44:16.052237,0,0,0,1,0,0.29437416207371275,0,1,False
TXN0829,Holly Cain,Nathan Mason,2414.51,real-time,completed,2026-07-08 18:12:29.228372,18,2,0,0,0,-0.18773060564409946,1,1,False
TXN0830,Richard James,Alexander Perry,425.31,batch,completed,2026-07-26 17:40:02.641417,17,6,1,0,0,-1.5159709401883197,0,1,False
TXN0831,Rhonda Barrera,Michael Wiley,4391.85,real-time,completed,2026-07-02 03:09:23.864295,3,3,0,1,0,1.1325904998795626,1,1,False
TXN0832,Roberta Scott,Dylan Hood,9056.72,real-time,completed,2026-07-04 06:17:47.164769,6,5,1,0,1,4.247444958659623,1,-1,True
TXN0833,James Ryan,Fernando Johnson,793.61,batch,completed,2026-07-26 06:50:42.564275,6,6,1,0,0,-1.2700474959832944,0,1,False
TXN0834,Jacob Taylor,Latoya James,4347.94,batch,completed,2026-07-01 11:00:24.899108,11,2,0,0,0,1.1032706561786587,0,1,False
TXN0835,Michael Mccarty,Kevin Walker,1495.16,batch,completed,2026-07-16 21:45:42.823196,21,3,0,0,0,-0.8016043999147756,0,1,False
TXN0836,Kara Fisher,Christina Rose,3231.66,batch,completed,2026-07-28 02:18:10.934994,2,1,0,1,0,0.3579016029688148,0,1,False
TXN0837,Joann Jackson,Brian Carr,3693.68,real-time,completed,2026-07-13 10:00:17.474754,10,0,0,0,0,0.6664043173093137,1,1,False
TXN0838,Abigail David,Travis Williamson,2192.96,batch,completed,2026-07-15 00:29:21.225450,0,2,0,1,0,-0.3356652759227402,0,1,False
TXN0839,Debra Mccoy,Maria Clark,1815.96,real-time,completed,2026-07-28 00:43:52.120903,0,1,0,1,0,-0.587397935345207,1,1,False
TXN0840,Amanda Christensen,Sandra Lawson,4494.69,real-time,completed,2026-07-20 12:29:40.367938,12,0,0,0,0,1.2012594301050434,1,1,False
TXN0841,Nicholas Bryan,Debra Mullins,3069.84,real-time,completed,2026-07-25 15:07:09.279763,15,5,1,0,0,0.2498501999244023,1,1,False
TXN0842,Brenda Edwards,Eric Woods,6835.36,batch,completed,2026-07-12 13:33:56.495474,13,6,1,0,1,2.764185382175031,0,-1,True
TXN0843,Mary Powell,Mary Osborne,2312.84,real-time,completed,2026-07-17 02:07:27.819152,2,4,0,1,0,-0.2556182965817181,1,1,False
TXN0844,Lisa Delgado,Jenny Sanchez,2909.15,batch,completed,2026-07-04 21:21:04.084063,21,5,1,0,0,0.1425533271323699,0,1,False
TXN0845,Nancy Mclaughlin,Keith Johnson,3139.98,batch,completed,2026-07-04 16:10:46.237983,16,5,1,0,0,0.29668449364294813,0,1,False
TXN0846,Megan Vaughn,Alexandra Miranda,2111.8,batch,completed,2026-07-10 20:57:45.768501,20,4,0,0,0,-0.389857908916712,0,1,False
TXN0847,Patricia Burton,Kevin Rogers,3559.99,batch,completed,2026-07-29 23:27:45.424986,23,2,0,0,0,0.577136043467962,0,1,False
TXN0848,Donald Peters,Joseph Harris,4245.16,real-time,completed,2026-07-27 21:22:46.508081,21,0,0,0,0,1.0346417895064013,1,1,False
TXN0849,Stephanie Martinez,Kevin Gonzalez,2904.73,batch,completed,2026-07-03 19:54:29.938276,19,4,0,0,0,0.13960197871155475,0,1,False
TXN0850,Hayden Morris,Daniel Ryan,4261.08,real-time,completed,2026-07-17 15:51:09.186952,15,4,0,0,0,1.0452719856284323,1,1,False
TXN0851,Kimberly Roberts,William Ferguson,1893.85,real-time,completed,2026-07-12 13:22:38.239962,13,6,1,0,0,-0.5353887660019288,1,1,False
TXN0852,Robert Jacobs,Stephanie Hamilton,633.24,real-time,completed,2026-07-18 21:08:23.665953,21,5,1,0,0,-1.3771306964914671,1,1,False
TXN0853,Sherry Chen,Monique Santos MD,3607.69,real-time,completed,2026-07-18 01:56:49.418745,1,5,1,1,0,0.6089865682808313,1,1,False
TXN0854,Joshua Morris,Amanda Haynes,3471.26,batch,completed,2026-07-10 11:26:39.570320,11,4,0,0,0,0.5178887255089292,0,1,False
TXN0855,Alan Cantrell,Trevor Shaw,2663.43,real-time,failed,2026-07-08 01:39:14.045341,1,2,0,1,0,-0.021520277836565394,1,1,False
TXN0856,Julie Brown,Elizabeth Thomas,4419.73,real-time,completed,2026-07-03 20:47:15.865357,20,4,0,0,0,1.1512066976108575,1,1,False
TXN0857,Stephanie Weber,Robert Hernandez,41.13,real-time,completed,2026-07-12 11:43:05.861882,11,6,1,0,0,-1.7724978714798933,1,1,False
TXN0858,Andrea Reed,Michael Shannon,2186.99,real-time,completed,2026-07-21 10:36:25.854052,10,1,0,0,0,-0.339651599468502,1,1,False
TXN0859,Scott Bradley,Teresa Benson,2128.07,batch,completed,2026-07-13 10:18:51.042177,10,0,0,0,0,-0.3789940087342093,0,1,False
TXN0860,David Murphy,Amy Chambers,3831.62,real-time,completed,2026-07-27 01:37:28.249015,1,0,0,1,0,0.75851042617068,1,1,False
TXN0861,Veronica Edwards,Kathy Humphrey,1815.31,batch,completed,2026-07-15 06:56:16.866083,6,2,0,0,0,-0.5878319571717976,0,1,False
TXN0862,Kelly Day,Patrick James,2775.21,batch,completed,2026-07-24 22:45:52.859929,22,4,0,0,0,0.05311812181925262,0,1,False
TXN0863,Rachel Hernandez,Paul Grant,2842.62,batch,completed,2026-07-04 12:07:48.458037,12,5,1,0,0,0.09812952386611853,0,1,False
TXN0864,Christine Haynes,Lori Morris,2887.92,batch,completed,2026-07-26 13:29:27.714964,13,6,1,0,0,0.1283775065500384,0,1,False
TXN0865,Sharon Frank,Ronnie Wright,748.86,real-time,pending,2026-07-11 05:31:25.765001,5,5,1,1,0,-1.29992822942933,1,1,False
TXN0866,Donald Yates,Joseph Anderson,3552.03,batch,completed,2026-07-18 00:38:35.531157,0,5,1,1,0,0.5718209454069468,0,1,False
TXN0867,Caitlin Wagner,Robin Patel,4661.48,batch,completed,2026-07-04 13:43:54.206274,13,5,1,0,0,1.3126294308081554,0,1,False
TXN0868,Samantha Wolf,Caitlyn Rodriguez,2284.14,batch,completed,2026-07-18 12:21:06.828312,12,5,1,0,0,-0.2747820295404047,0,1,False
TXN0869,Robert Carroll,Jeffrey Murray,868.45,real-time,completed,2026-07-25 19:32:32.590986,19,5,1,0,0,-1.2200748905955558,1,1,False
TXN0870,Danielle Powell,Maria Gonzalez,1644.69,batch,completed,2026-07-13 11:58:06.195580,11,0,0,0,0,-0.701759348022358,0,1,False
TXN0871,Julie Mendez,Dustin Smith,2069.55,batch,completed,2026-07-11 08:21:33.122629,8,5,1,0,0,-0.4180693276450919,0,1,False
TXN0872,Kyle Hull,Dylan Jones,2284.72,batch,completed,2026-07-09 20:04:12.312001,20,3,0,0,0,-0.27439474852590867,0,1,False
TXN0873,Kellie Paul,Charles Ingram,4357.11,batch,completed,2026-07-18 17:41:25.298981,17,5,1,0,0,1.1093937025630196,0,1,False
TXN0874,Taylor Tanner,Harold Johns,4866.33,batch,completed,2026-07-24 20:19:28.081034,20,4,0,0,0,1.4494130787728567,0,1,False
TXN0875,Mary Moore,Kelly Suarez,3452.23,real-time,completed,2026-07-29 02:15:40.834452,2,2,0,1,0,0.5051819018781345,1,1,False
TXN0876,Heather Mendoza,Brittany Schultz,1908.73,batch,completed,2026-07-10 04:38:54.932163,4,4,0,1,0,-0.5254530048024425,0,1,False
TXN0877,Eric Santiago,Matthew Smith,7274.38,batch,completed,2026-07-22 23:30:27.573466,23,2,0,0,1,3.057330401113099,0,1,False
TXN0878,Austin Sherman,Don Torres,1178.13,real-time,completed,2026-07-14 04:52:17.063397,4,1,0,1,0,-1.0132935378901196,1,1,False
TXN0879,Jennifer Carroll,Stephanie Harper,957.5,batch,completed,2026-07-21 04:15:38.385842,4,1,0,1,0,-1.160613900352663,0,1,False
TXN0880,Jason Morgan,Michael Patterson,4491.86,batch,completed,2026-07-09 04:59:32.148279,4,3,0,1,0,1.1993697658446574,0,1,False
TXN0881,Morgan Torres,David Matthews,4054.64,batch,completed,2026-07-03 20:20:02.019667,20,4,0,0,0,0.9074266535033022,0,1,False
TXN0882,Debra Kramer,Chase Reid,3106.32,batch,completed,2026-07-03 15:43:56.135176,15,4,0,0,0,0.27420884028443304,0,1,False
TXN0883,Christopher Lopez,Linda Hurley,2028.23,batch,completed,2026-07-17 12:09:31.343872,12,4,0,0,0,-0.44565976129850404,0,1,False
TXN0884,Sandra Jones,Michelle Lucero,1781.12,batch,completed,2026-07-13 09:31:11.669623,9,0,0,0,0,-0.6106615052504558,0,1,False
TXN0885,Brittany Cox,David Woodard,2620.92,batch,completed,2026-07-30 03:52:00.271393,3,3,0,1,0,-0.04990530529558132,0,1,False
TXN0886,Mrs. Diana Nolan,Jonathan Roberts,3637.36,batch,completed,2026-07-12 06:07:41.962829,6,6,1,0,0,0.6287979953499683,0,1,False
TXN0887,Nancy Wheeler,Melissa Morris,2951.18,batch,completed,2026-07-05 08:42:43.984343,8,6,1,0,0,0.17061784616559594,0,1,False
TXN0888,Matthew Crosby,Sarah Owens,2154.14,batch,completed,2026-07-24 17:34:34.696572,17,4,0,0,0,-0.36158639485849675,0,1,False
TXN0889,Mark Berry,Victoria Chandler,3210.42,batch,completed,2026-07-01 11:01:48.000358,11,2,0,0,0,0.34371910512761283,0,1,False
TXN0890,Edward Baker,Patricia Nichols,3953.17,batch,completed,2026-07-19 02:15:07.093056,2,6,1,1,0,0.8396725077430962,0,1,False
TXN0891,Amy Mora,Brian Garcia,5976.13,real-time,completed,2026-07-02 19:31:44.214479,19,3,0,0,1,2.1904552682345377,1,1,False
TXN0892,Kara Lyons,Amanda Bryan,3968.05,real-time,completed,2026-07-26 20:23:30.408130,20,6,1,0,0,0.8496082689425825,1,1,False
TXN0893,Latoya Durham,Christine White,3245.18,batch,completed,2026-07-29 17:52:34.684025,17,2,0,0,0,0.3669292569618963,0,1,False
TXN0894,Sarah Palmer,Jennifer Morrow,2400.35,real-time,completed,2026-07-23 22:06:07.447208,22,3,0,0,0,-0.19718560420490108,1,1,False
TXN0895,Catherine Haynes,Bruce Chavez,3291.13,batch,completed,2026-07-06 13:50:25.451994,13,0,0,0,0,0.3976112614724067,0,1,False
TXN0896,Caleb Hurley,William Fields,1765.37,real-time,completed,2026-07-15 06:19:09.481728,6,2,0,0,0,-0.6211781879716862,1,1,False
TXN0897,Angel Sanchez,Eric Roman,1.0,batch,completed,2026-07-30 00:32:44.683260,0,3,0,1,0,-1.7992937113277014,0,1,False
TXN0898,Christine Rogers,Wendy Price,934.16,batch,completed,2026-07-11 09:01:50.027965,9,5,1,0,0,-1.1761986225566958,0,1,False
TXN0899,Sarah Combs,Billy Dawson,4437.1,batch,completed,2026-07-09 22:43:05.820388,22,3,0,0,0,1.1628050962691292,0,1,False
TXN0900,Emily Mills,William Diaz,1.0,batch,completed,2026-07-01 18:42:20.809924,18,2,0,0,0,-1.7992937113277014,0,1,False
TXN0901,Mark Haley DVM,Chad Jarvis,2854.68,batch,completed,2026-07-09 05:24:46.882523,5,3,0,1,0,0.10618229806408919,0,1,False
TXN0902,Jodi Pacheco,Mr. Charles Horne,2894.5,batch,completed,2026-07-17 19:55:15.209476,19,4,0,0,0,0.13277114288690794,0,1,False
TXN0903,Monica Lucas,Roger Baker,6215.61,batch,completed,2026-07-17 02:10:22.636840,2,4,0,1,1,2.350362263668204,0,1,False
TXN0904,Benjamin Wells,Lori Williams,4692.44,batch,completed,2026-07-24 01:48:26.123762,1,4,0,1,0,1.3333022242716026,0,1,False
TXN0905,Nichole Kane,Gail Salinas,5410.32,batch,completed,2026-07-16 04:41:37.053033,4,3,0,1,1,1.812649284075848,0,1,False
TXN0906,Amy Hoover,Angela Davis,2742.5,batch,completed,2026-07-18 18:07:33.670654,18,5,1,0,0,0.03127680805344652,0,1,False
TXN0907,Jamie Keller,Jill Ortiz,1.0,batch,completed,2026-07-09 10:39:47.308201,10,3,0,0,0,-1.7992937113277014,0,1,False
TXN0908,Miguel Rodriguez,Kimberly Wilcox,2253.25,real-time,completed,2026-07-26 13:35:06.449266,13,6,1,0,0,-0.2954080821917574,1,1,False
TXN0909,Ashley Cole,Patrick Moody,4788.01,real-time,pending,2026-07-01 17:35:16.779940,17,2,0,0,0,1.3971167872981418,1,1,False
TXN0910,Emily Ritter,Michael Oconnor,3933.88,batch,completed,2026-07-26 21:59:58.038667,21,6,1,0,0,0.8267920753816654,0,1,False
TXN0911,Carol Berg,William Callahan,1.0,batch,completed,2026-07-04 22:43:48.450645,22,5,1,0,0,-1.7992937113277014,0,1,False
TXN0912,Zachary Fox,Suzanne Kelly,4330.47,real-time,completed,2026-07-24 21:30:54.767425,21,4,0,0,0,1.0916054849316819,1,1,False
TXN0913,Robert James,Jason Baldwin,3201.23,batch,completed,2026-07-01 06:33:54.293786,6,2,0,0,0,0.33758270422551073,0,1,False
TXN0914,Brittany Kelly,Alyssa Gonzalez,1039.86,batch,completed,2026-07-10 04:15:40.492376,4,4,0,1,0,-1.1056199962942164,0,1,False
TXN0915,Katherine Wilson,Steven Pollard,1772.67,real-time,completed,2026-07-23 19:19:13.687005,19,3,0,0,0,-0.6163037889961317,1,1,False
TXN0916,Mark Martinez,Michael Smith,988.98,batch,pending,2026-07-05 15:48:34.985893,15,6,1,0,0,-1.1395938894279434,0,1,False
TXN0917,Erik Smith,Kristin Weaver,2249.35,real-time,completed,2026-07-09 07:10:19.917130,7,3,0,0,0,-0.2980122131513002,1,1,False
TXN0918,Matthew Richardson,Theodore Barr,3228.83,real-time,completed,2026-07-11 11:33:07.418894,11,5,1,0,0,0.3560119387084287,1,1,False
TXN0919,Catherine Jones,Brandon Thompson,3365.9,real-time,completed,2026-07-13 17:01:20.604478,17,0,0,0,0,0.44753712604805085,1,1,False
TXN0920,Timothy Parks,Christopher Barnes,3111.5,real-time,completed,2026-07-08 10:48:14.329307,10,2,0,0,0,0.27766766037941537,1,1,False
TXN0921,Mark Berry,Virginia Munoz,2056.72,batch,completed,2026-07-20 13:01:30.139796,13,0,0,0,0,-0.4266362507761008,0,1,False
TXN0922,Nicole Pitts,Edgar Schwartz,3725.78,batch,completed,2026-07-02 07:43:47.484411,7,3,0,0,0,0.6878383182840121,0,1,False
TXN0923,Daniel Mcknight,Charles Cook,1513.59,batch,completed,2026-07-03 18:22:54.789803,18,4,0,0,0,-0.7892982118162185,0,1,False
TXN0924,Robert Stone,Walter Ortiz,3584.27,batch,completed,2026-07-13 15:03:02.009176,15,0,0,0,0,0.5933484280058335,0,1,False
TXN0925,Joshua Riley,Anthony Carter,4391.09,batch,completed,2026-07-11 01:26:39.669621,1,5,1,1,0,1.132083028205395,0,1,False
TXN0926,Robert Vincent DDS,Diana Houston,5031.89,real-time,completed,2026-07-12 23:26:12.764915,23,6,1,0,1,1.5599617766348826,1,-1,True
TXN0927,Zachary Richards,Lisa Morrow,1118.78,real-time,completed,2026-07-19 03:58:27.606057,3,6,1,1,0,-1.052923069287264,1,1,False
TXN0928,Matthew Booth,Elizabeth Crawford,2027.99,real-time,completed,2026-07-02 20:38:35.463215,20,3,0,0,0,-0.445820015511399,1,1,False
TXN0929,Aaron Walker,Jessica Powell,2113.22,real-time,completed,2026-07-13 20:51:11.609799,20,0,0,0,0,-0.3889097381570839,1,1,False
TXN0930,Heather Jordan,Kelly Johnson,248.58,real-time,completed,2026-07-27 09:43:38.958734,9,0,0,0,0,-1.6339781362088306,1,1,False
TXN0931,Jimmy Mack,Brandon Johnson,225.93,real-time,completed,2026-07-25 23:18:20.026184,23,5,1,0,0,-1.6491021275507904,1,1,False
TXN0932,Connor Gonzalez,David Wise,2254.32,real-time,completed,2026-07-14 18:48:52.878542,18,1,0,0,0,-0.2946936154926007,1,1,False
TXN0933,Christopher Mccarty,Tonya Cruz,2093.95,batch,completed,2026-07-11 13:18:02.950219,13,5,1,0,0,-0.40177681600077336,0,1,False
TXN0934,Jacob Duncan,Mark Montgomery,2951.59,batch,completed,2026-07-12 01:10:50.442059,1,6,1,1,0,0.17089161377929168,0,1,False
TXN0935,Amy Moore,Deborah Fisher,3135.82,batch,completed,2026-07-29 15:34:59.115533,15,2,0,0,0,0.29390675395276933,0,1,False
TXN0936,Joshua Johnson DDS,Michelle Lopez,2616.16,batch,completed,2026-07-30 14:03:15.935842,14,3,0,0,0,-0.05308368051799776,0,1,False
TXN0937,Miss Cassidy Porter,Billy Lee,2216.66,batch,completed,2026-07-18 03:32:43.865879,3,5,1,1,0,-0.31984017239936513,0,1,False
TXN0938,Casey Gomez,Joshua Turner,4732.94,real-time,pending,2026-07-12 19:51:07.742563,19,6,1,0,0,1.3603451226976235,1,1,False
TXN0939,Meagan Green,Tina Flynn,1666.34,batch,completed,2026-07-08 04:34:26.020247,4,2,0,1,0,-0.6873030825674604,0,1,False
TXN0940,Alexis Obrien,Alicia Moreno,3168.91,batch,completed,2026-07-01 10:43:36.493510,10,2,0,0,0,0.3160018035556588,0,1,False
TXN0941,Edward Warren,Luke Bautista,1803.09,real-time,completed,2026-07-20 21:00:59.263448,21,0,0,0,0,-0.5959915675116982,1,1,False
TXN0942,Deborah Bender,Maria Daniel,3553.14,real-time,completed,2026-07-01 06:05:37.954035,6,2,0,0,0,0.5725621211415857,1,1,False
TXN0943,Sarah Sherman,Erin Melendez,2337.26,real-time,completed,2026-07-29 02:51:44.553049,2,2,0,1,0,-0.23931243041965797,1,1,False
TXN0944,Theresa Nelson,Stephanie Lee,1862.56,batch,completed,2026-07-09 08:00:46.642648,8,3,0,0,0,-0.5562819090081065,0,1,False
TXN0945,Dominic Gonzales,Raymond Young,1025.81,batch,completed,2026-07-27 19:21:43.753659,19,0,0,0,0,-1.1150015450074409,0,1,False
TXN0946,Nicholas Hamilton,Kimberly Meza,2871.47,batch,completed,2026-07-18 03:41:21.777649,3,5,1,1,0,0.11739341570786428,0,1,False
TXN0947,Andrew Mills,Dawn Holland,2763.02,batch,completed,2026-07-24 00:24:53.286718,0,4,0,1,0,0.0449785432559638,0,1,False
TXN0948,Tabitha Stout,Rita Jacobs,2426.03,batch,completed,2026-07-30 11:21:40.073197,11,3,0,0,0,-0.1800384034251424,0,1,False
TXN0949,Nicole Smith,Austin Romero,2865.36,batch,completed,2026-07-30 00:52:31.127595,0,3,0,1,0,0.11331361053791418,0,1,False
TXN0950,Austin Byrd,Cheryl Webb,2955.68,batch,completed,2026-07-13 09:20:56.313167,9,0,0,0,0,0.17362261265737605,0,1,False
TXN0951,Justin Baldwin,David Thomas,1.0,real-time,completed,2026-07-12 11:44:02.162085,11,6,1,0,0,-1.7992937113277014,1,1,False
TXN0952,Barbara Norris,Jeffrey Williams,2647.13,real-time,completed,2026-07-25 22:28:54.905210,22,5,1,0,0,-0.032404209795679824,1,1,False
TXN0953,Kaitlin Allen,Dawn Zavala,1802.88,real-time,completed,2026-07-27 05:37:13.654587,5,0,0,1,0,-0.5961317899479812,1,1,False
TXN0954,Robert Peters,Bryce Harris,1645.85,batch,completed,2026-07-27 23:01:30.937735,23,0,0,0,0,-0.7009847859933658,0,1,False
TXN0955,Benjamin Houston,Eric Griffin,1667.92,batch,completed,2026-07-28 18:15:59.397018,18,1,0,0,0,-0.686248075665902,0,1,False
TXN0956,Gloria Barnett,Phillip Ward,1.0,batch,completed,2026-07-29 11:16:00.133260,11,2,0,0,0,-1.7992937113277014,0,1,False
TXN0957,Sharon Flores,Gary Davila,1.0,batch,completed,2026-07-30 13:28:41.594476,13,3,0,0,0,-1.7992937113277014,0,1,False
TXN0958,Miguel Taylor,Alison Bryant,2529.29,real-time,completed,2026-07-07 11:53:28.748437,11,1,0,0,0,-0.11108902832709501,1,1,False
TXN0959,Gary Evans,Michele Glover,3314.3,batch,failed,2026-07-10 13:20:33.728408,13,4,0,0,0,0.413082470275639,0,1,False
TXN0960,Cynthia Murray,Robert Blair,1952.39,batch,completed,2026-07-01 02:14:26.725577,2,2,0,1,0,-0.49630009257330476,0,1,False
TXN0961,Angela Parker,Samuel Garza,2212.5,batch,completed,2026-07-10 02:41:06.591123,2,4,0,1,0,-0.32261791208954393,0,1,False
TXN0962,Lori Berger,Tanner Lopez,2508.79,batch,completed,2026-07-10 16:02:20.891496,16,4,0,0,0,-0.12477740901187107,0,1,False
TXN0963,Amy Shields,Stacy Wallace,3789.16,batch,completed,2026-07-01 20:44:03.684309,20,2,0,0,0,0.730158785006017,0,1,False
TXN0964,Morgan Hobbs,Jaime Kline,4448.3,batch,completed,2026-07-16 02:03:33.223189,2,3,0,1,0,1.1702836262042262,0,1,False
TXN0965,Patricia Fields,Collin Smith,3357.85,batch,completed,2026-07-30 12:58:23.557029,12,3,0,0,0,0.44216193265719966,0,1,False
TXN0966,Jason Kirby,Darryl Boyer,5605.63,batch,completed,2026-07-12 12:11:00.595454,12,6,1,0,1,1.9430628270779755,0,1,False
TXN0967,Joseph Burns,Daniel Munoz,1.0,batch,failed,2026-07-25 23:34:06.293521,23,5,1,0,0,-1.7992937113277014,0,1,False
TXN0968,Jennifer Cox,Megan Martinez,637.42,batch,completed,2026-07-30 14:00:40.331180,14,3,0,0,0,-1.3743396022835466,0,1,False
TXN0969,Jacob Lopez,Christine Martin,3725.07,batch,completed,2026-07-17 02:18:04.547247,2,4,0,1,0,0.6873642329041979,0,1,False
TXN0970,Tyler Bradley,Kathleen Hall,2486.36,real-time,completed,2026-07-29 11:35:26.641567,11,2,0,0,0,-0.13975450065867714,1,1,False
TXN0971,David Powell,Brian Adams,3200.6,batch,completed,2026-07-26 09:58:17.411456,9,6,1,0,0,0.33716203691666147,0,1,False
TXN0972,Sherry Peterson,Aaron Petersen,3780.47,real-time,completed,2026-07-11 16:58:26.464224,16,5,1,0,0,0.7243562470474461,1,1,False
TXN0973,Alan Hanson,Anthony Mata,334.62,batch,completed,2026-07-03 18:23:59.384732,18,4,0,0,0,-1.5765270008859948,0,1,False
TXN0974,Jeffrey Oconnor,Luis Tran,523.91,batch,completed,2026-07-26 02:05:13.230840,2,6,1,1,0,-1.4501331677239824,0,1,False
TXN0975,Charlene Rivas,Kristen Miller,6131.91,batch,completed,2026-07-03 05:11:42.847500,5,4,0,1,1,2.2944736069210943,0,1,False
TXN0976,Karen Clark,Allison Hughes,1957.24,real-time,completed,2026-07-11 02:00:41.189151,2,5,1,1,0,-0.4930616220210529,1,1,False
TXN0977,Hunter Lucas,Tammy Odom,4186.95,batch,completed,2026-07-15 04:19:32.409045,4,2,0,1,0,0.995773465620508,0,1,False
TXN0978,Paul Davis,Daniel Beck,3980.43,batch,completed,2026-07-05 04:52:34.869165,4,6,1,1,0,0.8578747154244128,0,1,False
TXN0979,Ashley Holt,Keith Johnson,2254.25,real-time,completed,2026-07-20 16:13:52.870976,16,0,0,0,0,-0.2947403563046952,1,1,False
TXN0980,Jeffrey Wilson,Matthew Brown,2641.38,batch,completed,2026-07-12 12:54:08.499472,12,6,1,0,0,-0.03624363364628774,0,1,False
TXN0981,Evelyn Kim,Anita Barber,3056.54,batch,completed,2026-07-26 22:07:10.238452,22,6,1,0,0,0.2409694456264743,0,1,False
TXN0982,James Ferguson,Erica Clark,3527.76,real-time,completed,2026-07-06 16:39:23.040496,16,0,0,0,0,0.5556152381279461,1,1,False
TXN0983,Dustin Davis,Daniel Parsons,1.0,real-time,completed,2026-07-01 01:28:23.135595,1,2,0,1,0,-1.7992937113277014,1,1,False
TXN0984,Steven Bell,Joseph Carpenter,5360.72,batch,completed,2026-07-26 20:26:31.192780,20,6,1,0,1,1.7795300800775609,0,1,False
TXN0985,Nichole Young,Craig Rogers,4027.44,batch,pending,2026-07-28 15:09:36.023394,15,1,0,0,0,0.8892645093752092,0,1,False
TXN0986,Joseph Moore,Tommy Robinson,3914.64,real-time,completed,2026-07-17 07:01:42.906678,7,4,0,0,0,0.8139450293145877,1,1,False
TXN0987,Amber Waters,Erika Adams,4461.91,batch,completed,2026-07-21 05:26:46.938110,5,1,0,1,0,1.179371375527143,0,1,False
TXN0988,David Norton Jr.,Alexander Miller,2452.28,batch,completed,2026-07-28 20:11:35.727423,20,1,0,0,0,-0.16251059888975844,0,1,False
TXN0989,Alfred Crawford,Maria Morgan,4295.6,batch,completed,2026-07-07 17:07:43.154426,17,1,0,0,0,1.0683218832498214,0,1,False
TXN0990,Stephanie Whitehead,Brian Castillo,2322.1,batch,completed,2026-07-02 09:54:53.684729,9,3,0,0,0,-0.24943515486752182,0,1,False
TXN0991,Keith Graham,Janet Jackson,3367.41,batch,completed,2026-07-13 07:54:43.512578,7,0,0,0,0,0.4485453921375147,0,1,False
TXN0992,Todd Mcdonald,Laurie Blankenship,3867.76,batch,failed,2026-07-21 23:59:46.799823,23,1,0,0,0,0.7826420397291098,0,1,False
TXN0993,Tammy Gonzalez,Amy Hill,1579.69,batch,completed,2026-07-28 04:39:50.862679,4,1,0,1,0,-0.7451615306814039,0,1,False
TXN0994,Douglas Robinson,Amy Ross,1.0,batch,completed,2026-07-10 13:31:24.406223,13,4,0,0,0,-1.7992937113277014,0,1,False
TXN0995,Rachel Downs,Gregory Barrera,2308.12,real-time,completed,2026-07-25 22:21:58.801449,22,5,1,0,0,-0.25876996276865205,1,1,False
TXN0996,Charles Gray,Nathan Miller,2056.96,batch,completed,2026-07-07 03:28:54.976739,3,1,0,1,0,-0.42647599656320573,0,1,False
TXN0997,Cassandra Brown,Christine Estes,4047.05,batch,completed,2026-07-03 02:54:10.510314,2,4,0,1,0,0.9023586140204999,0,1,False
TXN0998,Michael Kim,Jennifer Smith,2139.58,batch,completed,2026-07-28 16:32:21.734347,16,1,0,0,0,-0.371308483774123,0,1,False
TXN0999,Charles Ramsey,Erin Peters,1602.67,batch,completed,2026-07-28 15:09:19.591177,15,1,0,0,0,-0.7298171897967135,0,1,False
TXN1000,Jose Dixon,Christina Gray,4916.77,batch,completed,2026-07-15 00:14:53.276122,0,2,0,1,0,1.4830931725162768,0,1,False
